day,DVS,LAI,TAGP,TWSO,TWLV,TWST,TWRT,TRA,EVS,RD,SM,WWLOW,RFTRA,NNI,KNI,PNI,NPKI,RFNPK,NAVAIL,PAVAIL,KAVAIL,Ndemand,RNuptake,Pdemand,RPuptake,Kdemand,RKuptake,NamountSO,PamountSO,KamountSO
2003-01-02,,,,,,,,,0.0,,0.29,26.080000000000002,,,,,,,100.0,100.0,100.0,,,,,,,,,
2003-01-03,,,,,,,,,0.0,,0.271,26.080000000000005,,,,,,,100.0,100.0,100.0,,,,,,,,,
2003-01-04,,,,,,,,,0.0018215855859841214,,0.271,26.080000000000005,,,,,,,100.0,100.0,100.0,,,,,,,,,
2003-01-05,,,,,,,,,0.015025315849811835,,0.27335784144140163,26.10357841441402,,,,,,,100.0,100.0,100.0,,,,,,,,,
2003-01-06,,,,,,,,,0.0023507614062943673,,0.271,26.08855309856421,,,,,,,100.0,100.0,100.0,,,,,,,,,
2003-01-07,,,,,,,,,0.0,,0.27076492385937057,26.086202337157914,,,,,,,100.0,100.0,100.0,,,,,,,,,
2003-01-08,,,,,,,,,0.0,,0.27076492385937057,26.086202337157914,,,,,,,100.0,100.0,100.0,,,,,,,,,
2003-01-09,,,,,,,,,0.0,,0.27076492385937057,26.086202337157914,,,,,,,100.0,100.0,100.0,,,,,,,,,
2003-01-10,,,,,,,,,0.0,,0.27076492385937057,26.086202337157914,,,,,,,100.0,100.0,100.0,,,,,,,,,
2003-01-11,,,,,,,,,0.0,,0.27076492385937057,26.086202337157914,,,,,,,100.0,100.0,100.0,,,,,,,,,
2003-01-12,,,,,,,,,0.0,,0.27076492385937057,26.086202337157914,,,,,,,100.0,100.0,100.0,,,,,,,,,
2003-01-13,,,,,,,,,0.0,,0.27076492385937057,26.086202337157914,,,,,,,100.0,100.0,100.0,,,,,,,,,
2003-01-14,,,,,,,,,0.0,,0.27076492385937057,26.086202337157914,,,,,,,100.0,100.0,100.0,,,,,,,,,
2003-01-15,,,,,,,,,0.001683823130737744,,0.27076492385937057,26.086202337157914,,,,,,,100.0,100.0,100.0,,,,,,,,,
2003-01-16,,,,,,,,,0.0,,0.2705965415462968,26.084518514027174,,,,,,,100.0,100.0,100.0,,,,,,,,,
2003-01-17,,,,,,,,,0.0002537216578660886,,0.2705965415462968,26.084518514027174,,,,,,,100.0,100.0,100.0,,,,,,,,,
2003-01-18,,,,,,,,,0.0,,0.2705711693805102,26.08426479236931,,,,,,,100.0,100.0,100.0,,,,,,,,,
2003-01-19,,,,,,,,,0.0,,0.2705711693805102,26.08426479236931,,,,,,,100.0,100.0,100.0,,,,,,,,,
2003-01-20,,,,,,,,,0.0,,0.2705711693805102,26.08426479236931,,,,,,,100.0,100.0,100.0,,,,,,,,,
2003-01-21,,,,,,,,,0.00040753878757956633,,0.2705711693805102,26.08426479236931,,,,,,,100.0,100.0,100.0,,,,,,,,,
2003-01-22,,,,,,,,,0.0,,0.2705304155017522,26.08385725358173,,,,,,,100.0,100.0,100.0,,,,,,,,,
2003-01-23,,,,,,,,,0.00016311675960945107,,0.2705304155017522,26.08385725358173,,,,,,,100.0,100.0,100.0,,,,,,,,,
2003-01-24,,,,,,,,,0.0,,0.2705141038257913,26.08369413682212,,,,,,,100.0,100.0,100.0,,,,,,,,,
2003-01-25,,,,,,,,,0.0005713329065211106,,0.2705141038257913,26.08369413682212,,,,,,,100.0,100.0,100.0,,,,,,,,,
2003-01-26,,,,,,,,,0.0,,0.2704569705351392,26.0831228039156,,,,,,,100.0,100.0,100.0,,,,,,,,,
2003-01-27,,,,,,,,,0.0,,0.2704569705351392,26.0831228039156,,,,,,,100.0,100.0,100.0,,,,,,,,,
2003-01-28,,,,,,,,,0.0017873253650158652,,0.2704569705351392,26.0831228039156,,,,,,,100.0,100.0,100.0,,,,,,,,,
2003-01-29,,,,,,,,,0.0014035878691160053,,0.2702782379986376,26.081335478550585,,,,,,,100.0,100.0,100.0,,,,,,,,,
2003-01-30,,,,,,,,,0.0012070325995598738,,0.270137879211726,26.07993189068147,,,,,,,100.0,100.0,100.0,,,,,,,,,
2003-01-31,,,,,,,,,0.0180953292409607,,0.27763717595177,26.15492485808191,,,,,,,100.0,100.0,100.0,,,,,,,,,
2003-02-01,,,,,,,,,0.0019011524652147846,,0.271,26.13682952884095,,,,,,,100.0,100.0,100.0,,,,,,,,,
2003-02-02,,,,,,,,,0.002418657401305827,,0.2708098847534785,26.134928376375733,,,,,,,100.0,100.0,100.0,,,,,,,,,
2003-02-03,,,,,,,,,0.0015577600328461343,,0.2705680190133479,26.132509718974426,,,,,,,100.0,100.0,100.0,,,,,,,,,
2003-02-04,,,,,,,,,0.0006679148522803004,,0.27041224301006334,26.13095195894158,,,,,,,100.0,100.0,100.0,,,,,,,,,
2003-02-05,,,,,,,,,0.0013193525852207906,,0.2703454515248353,26.1302840440893,,,,,,,100.0,100.0,100.0,,,,,,,,,
2003-02-06,,,,,,,,,0.0008279497330385915,,0.27021351626631324,26.12896469150408,,,,,,,100.0,100.0,100.0,,,,,,,,,
2003-02-07,,,,,,,,,0.002265248830984968,,0.2701307212930094,26.12813674177104,,,,,,,100.0,100.0,100.0,,,,,,,,,
2003-02-08,,,,,,,,,0.001648674823409632,,0.26990419640991087,26.125871492940057,,,,,,,100.0,100.0,100.0,,,,,,,,,
2003-02-09,,,,,,,,,0.0016727468192626268,,0.2697393289275699,26.124222818116646,,,,,,,100.0,100.0,100.0,,,,,,,,,
2003-02-10,,,,,,,,,0.0014540132231905287,,0.2695720542456437,26.122550071297383,,,,,,,100.0,100.0,100.0,,,,,,,,,
2003-02-11,,,,,,,,,0.0019307010884633436,,0.2694266529233246,26.121096058074194,,,,,,,100.0,100.0,100.0,,,,,,,,,
2003-02-12,,,,,,,,,0.002467052723536649,,0.2692335828144783,26.119165356985732,,,,,,,100.0,100.0,100.0,,,,,,,,,
2003-02-13,,,,,,,,,0.002575931350441325,,0.2689868775421246,26.116698304262194,,,,,,,100.0,100.0,100.0,,,,,,,,,
2003-02-14,,,,,,,,,0.0004367589346804781,,0.26872928440708044,26.11412237291175,,,,,,,100.0,100.0,100.0,,,,,,,,,
2003-02-15,,,,,,,,,0.02474217060776159,,0.3804456085136124,27.23128561397707,,,,,,,100.0,100.0,100.0,,,,,,,,,
2003-02-16,,,,,,,,,0.019142435721905715,,0.3229713914528362,27.20654344336931,,,,,,,100.0,100.0,100.0,,,,,,,,,
2003-02-17,,,,,,,,,0.02955570732323538,,0.28624,27.339801007647406,,,,,,,100.0,100.0,100.0,,,,,,,,,
2003-02-18,,,,,,,,,0.04019245288557815,,0.27354,27.335645300324167,,,,,,,100.0,100.0,100.0,,,,,,,,,
2003-02-19,,,,,,,,,0.014978012231509293,,0.26952075471144216,27.29545284743859,,,,,,,100.0,100.0,100.0,,,,,,,,,
2003-02-20,,,,,,,,,0.019044214928183662,,0.26802295348829125,27.28047483520708,,,,,,,100.0,100.0,100.0,,,,,,,,,
2003-02-21,,,,,,,,,0.008742205051543387,,0.26611853199547286,27.261430620278897,,,,,,,100.0,100.0,100.0,,,,,,,,,
2003-02-22,,,,,,,,,0.00615562842891136,,0.2652443114903185,27.252688415227354,,,,,,,100.0,100.0,100.0,,,,,,,,,
2003-02-23,,,,,,,,,0.00436345894758908,,0.26462874864742736,27.246532786798443,,,,,,,100.0,100.0,100.0,,,,,,,,,
2003-02-24,,,,,,,,,0.0054889871554066015,,0.2641924027526685,27.242169327850853,,,,,,,100.0,100.0,100.0,,,,,,,,,
2003-02-25,,,,,,,,,0.004422383010876348,,0.26364350403712783,27.236680340695447,,,,,,,100.0,100.0,100.0,,,,,,,,,
2003-02-26,,,,,,,,,0.008163676053813877,,0.2632012657360402,27.23225795768457,,,,,,,100.0,100.0,100.0,,,,,,,,,
2003-02-27,,,,,,,,,0.006623189404556377,,0.2623848981306588,27.224094281630755,,,,,,,100.0,100.0,100.0,,,,,,,,,
2003-02-28,,,,,,,,,0.007261562986186846,,0.2617225791902032,27.2174710922262,,,,,,,100.0,100.0,100.0,,,,,,,,,
2003-03-01,,,,,,,,,0.006777335507393006,,0.26099642289158453,27.210209529240014,,,,,,,100.0,100.0,100.0,,,,,,,,,
2003-03-02,,,,,,,,,0.008048270705427928,,0.26031868934084523,27.20343219373262,,,,,,,100.0,100.0,100.0,,,,,,,,,
2003-03-03,,,,,,,,,0.008881030081198806,,0.25951386227030243,27.195383923027194,,,,,,,100.0,100.0,100.0,,,,,,,,,
2003-03-04,,,,,,,,,0.0035634273443984938,,0.2586257592621825,27.186502892945995,,,,,,,100.0,100.0,100.0,,,,,,,,,
2003-03-05,,,,,,,,,0.005324161095985739,,0.2582694165277427,27.182939465601596,,,,,,,100.0,100.0,100.0,,,,,,,,,
2003-03-06,,,,,,,,,0.06716633338803843,,0.2704370004181441,27.30461530450561,,,,,,,100.0,100.0,100.0,,,,,,,,,
2003-03-07,,,,,,,,,0.007212510501172191,,0.2637203670793403,27.237448971117573,,,,,,,100.0,100.0,100.0,,,,,,,,,
2003-03-08,,,,,,,,,0.004856482648273169,,0.2629991160292231,27.2302364606164,,,,,,,100.0,100.0,100.0,,,,,,,,,
2003-03-09,,,,,,,,,0.006757794785028863,,0.26251346776439577,27.225379977968124,,,,,,,100.0,100.0,100.0,,,,,,,,,
2003-03-10,,,,,,,,,0.007761961170403546,,0.26183768828589293,27.218622183183097,,,,,,,100.0,100.0,100.0,,,,,,,,,
2003-03-11,,,,,,,,,0.013886344590936074,,0.26106149216885255,27.210860222012695,,,,,,,100.0,100.0,100.0,,,,,,,,,
2003-03-12,,,,,,,,,0.004267709464250543,,0.25967285770975895,27.196973877421758,,,,,,,100.0,100.0,100.0,,,,,,,,,
2003-03-13,,,,,,,,,0.00961533863766843,,0.2592460867633339,27.192706167957507,,,,,,,100.0,100.0,100.0,,,,,,,,,
2003-03-14,,,,,,,,,0.01729717111845496,,0.2582845528995671,27.183090829319838,,,,,,,100.0,100.0,100.0,,,,,,,,,
2003-03-15,,,,,,,,,0.01848669325641795,,0.25655483578772154,27.165793658201384,,,,,,,100.0,100.0,100.0,,,,,,,,,
2003-03-16,,,,,,,,,0.017126938080480603,,0.2547061664620798,27.147306964944967,,,,,,,100.0,100.0,100.0,,,,,,,,,
2003-03-17,,,,,,,,,0.012099927909171429,,0.2529934726540317,27.130180026864487,,,,,,,100.0,100.0,100.0,,,,,,,,,
2003-03-18,,,,,,,,,0.014590073811318697,,0.25178347986311456,27.118080098955314,,,,,,,100.0,100.0,100.0,,,,,,,,,
2003-03-19,,,,,,,,,0.002481281915374818,,0.25032447248198275,27.103490025143994,,,,,,,100.0,100.0,100.0,,,,,,,,,
2003-03-20,,,,,,,,,0.07069236001241139,,0.33897634429044526,27.99000874322862,,,,,,,100.0,100.0,100.0,,,,,,,,,
2003-03-21,,,,,,,,,0.1959074271869012,,0.3353271082892041,28.50351638321621,,,,,,,100.0,100.0,100.0,,,,,,,,,
2003-03-22,,,,,,,,,0.01671868228356999,,0.271,28.30760895602931,,,,,,,100.0,100.0,100.0,,,,,,,,,
2003-03-23,,,,,,,,,0.016421035887397083,,0.269328131771643,28.290890273745738,,,,,,,100.0,100.0,100.0,,,,,,,,,
2003-03-24,,,,,,,,,0.012307964566087973,,0.26768602818290327,28.27446923785834,,,,,,,100.0,100.0,100.0,,,,,,,,,
2003-03-25,,,,,,,,,0.04069473321669395,,0.26899523172629447,28.287561273292255,,,,,,,100.0,100.0,100.0,,,,,,,,,
2003-03-26,,,,,,,,,0.009330932415865714,,0.26492575840462507,28.24686654007556,,,,,,,100.0,100.0,100.0,,,,,,,,,
2003-03-27,,,,,,,,,0.08905816055065732,,0.2817726651630385,28.415335607659692,,,,,,,100.0,100.0,100.0,,,,,,,,,
2003-03-28,,,,,,,,,0.03561741237239285,,0.27354,28.351677447109033,,,,,,,100.0,100.0,100.0,,,,,,,,,
2003-03-29,,,,,,,,,0.010002769997041356,,0.2699782587627607,28.31606003473664,,,,,,,100.0,100.0,100.0,,,,,,,,,
2003-03-30,,,,,,,,,0.012302887982686236,,0.26897798176305654,28.3060572647396,,,,,,,100.0,100.0,100.0,,,,,,,,,
2003-03-31,,,,,,,,,0.01691762511527651,,0.26774769296478795,28.293754376756915,,,,,,,100.0,100.0,100.0,,,,,,,,,
2003-04-01,,,,,,,,,0.023049493603188802,,0.26605593045326026,28.27683675164164,,,,,,,100.0,100.0,100.0,,,,,,,,,
2003-04-02,,,,,,,,,0.02111136948043683,,0.2637509810929414,28.25378725803845,,,,,,,100.0,100.0,100.0,,,,,,,,,
2003-04-03,,,,,,,,,0.01580371761222913,,0.2616398441448977,28.232675888558013,,,,,,,100.0,100.0,100.0,,,,,,,,,
2003-04-04,,,,,,,,,0.0037620058833959737,,0.2600594723836748,28.216872170945784,,,,,,,100.0,100.0,100.0,,,,,,,,,
2003-04-05,,,,,,,,,0.1320084311789204,,0.3536632717953352,29.152910165062387,,,,,,,100.0,100.0,100.0,,,,,,,,,
2003-04-06,,,,,,,,,0.00451271069299368,,0.28546242867744315,29.020901733883466,,,,,,,100.0,100.0,100.0,,,,,,,,,
2003-04-07,,,,,,,,,0.11822680138963113,,0.38784,30.184789023190472,,,,,,,100.0,100.0,100.0,,,,,,,,,
2003-04-08,,,,,,,,,0.21569358445969491,,0.38959731986103685,30.752362221800844,,,,,,,100.0,100.0,100.0,,,,,,,,,
2003-04-09,,,,,,,,,0.07885174457787902,,0.3130279614150674,30.536668637341148,,,,,,,100.0,100.0,100.0,,,,,,,,,
2003-04-10,,,,,,,,,0.07652095944881346,,0.271,30.45781689276327,,,,,,,100.0,100.0,100.0,,,,,,,,,
2003-04-11,,,,,,,,,0.06885923392959357,,0.26334790405511865,30.381295933314455,,,,,,,100.0,100.0,100.0,,,,,,,,,
2003-04-12,,,,,,,,,0.06191798868306018,,0.25646198066215925,30.31243669938486,,,,,,,100.0,100.0,100.0,,,,,,,,,
2003-04-13,,,,,,,,,0.061360306651718245,,0.25027018179385324,30.2505187107018,,,,,,,100.0,100.0,100.0,,,,,,,,,
2003-04-14,,,,,,,,,0.061294579479497645,,0.24413415112868142,30.189158404050083,,,,,,,100.0,100.0,100.0,,,,,,,,,
2003-04-15,,,,,,,,,0.04425713902285175,,0.23800469318073167,30.127863824570586,,,,,,,100.0,100.0,100.0,,,,,,,,,
2003-04-16,,,,,,,,,0.06894778857165576,,0.23611897927844652,30.109006685547733,,,,,,,100.0,100.0,100.0,,,,,,,,,
2003-04-17,,,,,,,,,0.03705820203307246,,0.22922420042128094,30.040058896976078,,,,,,,100.0,100.0,100.0,,,,,,,,,
2003-04-18,,,,,,,,,0.009401319930078545,,0.2255183802179737,30.003000694943005,,,,,,,100.0,100.0,100.0,,,,,,,,,
2003-04-19,,,,,,,,,0.06269754332428279,,0.23219824822496588,30.069799375012927,,,,,,,100.0,100.0,100.0,,,,,,,,,
2003-04-20,,,,,,,,,0.11129409174350542,,0.2487884938925376,30.235701831688644,,,,,,,100.0,100.0,100.0,,,,,,,,,
2003-04-21,,,,,,,,,0.04398528688139938,,0.23765908471818706,30.124407739945138,,,,,,,100.0,100.0,100.0,,,,,,,,,
2003-04-22,,,,,,,,,0.039402876383532986,,0.23326055603004714,30.08042245306374,,,,,,,100.0,100.0,100.0,,,,,,,,,
2003-04-23,,,,,,,,,0.021678645679652303,,0.22932026839169387,30.041019576680206,,,,,,,100.0,100.0,100.0,,,,,,,,,
2003-04-24,,,,,,,,,0.08282659951671309,,0.28811240382372866,30.628940931000553,,,,,,,100.0,100.0,100.0,,,,,,,,,
2003-04-25,,,,,,,,,0.11513813730892589,,0.27862,30.622314331483842,,,,,,,100.0,100.0,100.0,,,,,,,,,
2003-04-26,,,,,,,,,0.06288292333196543,,0.2696461862691074,30.532576194174915,,,,,,,100.0,100.0,100.0,,,,,,,,,
2003-04-27,,,,,,,,,0.03088581887274069,,0.26335789393591086,30.46969327084295,,,,,,,100.0,100.0,100.0,,,,,,,,,
2003-04-28,,,,,,,,,0.03740454670833329,,0.2602693120486368,30.43880745197021,,,,,,,100.0,100.0,100.0,,,,,,,,,
2003-04-29,,,,,,,,,0.1963260498919679,,0.28954885737780345,30.731602905261877,,,,,,,100.0,100.0,100.0,,,,,,,,,
2003-04-30,,,,,,,,,0.12753916440831287,,0.4934362523886067,32.77047685536991,,,,,,,100.0,100.0,100.0,,,,,,,,,
2003-05-01,,,,,,,,,0.2123743739050929,,0.4637823359477754,33.023937690961596,,,,,,,100.0,100.0,100.0,,,,,,,,,
2003-05-02,,,,,,,,,0.10170589237572275,,0.38754489855726615,32.8115633170565,,,,,,,100.0,100.0,100.0,,,,,,,,,
2003-05-03,,,,,,,,,0.08917076601847282,,0.32237430931969385,32.709857424680784,,,,,,,100.0,100.0,100.0,,,,,,,,,
2003-05-04,,,,,,,,,0.01721358389136833,,0.271,32.52,,,,,,,100.0,100.0,100.0,,,,,,,,,
2003-05-05,,,,,,,,,0.24827191729562675,,0.5182786416108631,34.992786416108636,,,,,,,100.0,100.0,100.0,,,,,,,,,
2003-05-06,,,,,,,,,0.12991065533358132,,0.4689314498813005,34.67931449881301,,,,,,,100.0,100.0,100.0,,,,,,,,,
2003-05-07,,,,,,,,,0.3659582102941862,,0.47968038434794236,34.966803843479425,,,,,,,100.0,100.0,100.0,,,,,,,,,
2003-05-08,,,,,,,,,0.052884290010390037,,0.3906245633185238,34.25624563318524,,,,,,,100.0,100.0,100.0,,,,,,,,,
2003-05-09,,,,,,,,,0.367439048556175,,0.521,35.74,,,,,,,100.0,100.0,100.0,,,,,,,,,
2003-05-10,,,,,,,,,0.02274462645450134,,0.4292560951443825,35.002560951443826,,,,,,,100.0,100.0,100.0,,,,,,,,,
2003-05-11,,,,,,,,,0.2634665928954846,,0.42024163249893237,35.09241632498932,,,,,,,100.0,100.0,100.0,,,,,,,,,
2003-05-12,,,,,,,,,0.09331194228051175,,0.3388949732093839,34.45894973209384,,,,,,,100.0,100.0,100.0,,,,,,,,,
2003-05-13,-0.1,0.007464201948,7.7322,0.0,4.793964,2.938236,5.154800000000001,0.0,0.08003871620561213,10.0,0.2745637789813327,33.99563778981333,0.0,0.0,0.0,0.0,0.0,0.0,100.0,100.0,100.0,0.0,0.0,0.0,0.0,0.0,0.0,0.0,0.0,0.0
2003-05-14,-0.08866769059195273,0.007464201948,7.7322,0.0,4.793964,2.938236,5.154800000000001,0.0,0.10653237496727314,10.0,0.2690999073607715,33.570999073607716,0.0,0.0,0.0,0.0,0.0,0.0,100.0,100.0,100.0,0.0,0.0,0.0,0.0,0.0,0.0,0.0,0.0,0.0
2003-05-15,-0.07857778734310954,0.007464201948,7.7322,0.0,4.793964,2.938236,5.154800000000001,0.0,0.09162915899850355,10.0,0.26352666986404416,33.14526669864044,0.0,0.0,0.0,0.0,0.0,0.0,100.0,100.0,100.0,0.0,0.0,0.0,0.0,0.0,0.0,0.0,0.0,0.0
2003-05-16,-0.07244499662495965,0.007464201948,7.7322,0.0,4.793964,2.938236,5.154800000000001,0.0,0.05853484294805092,10.0,0.2543637539641938,32.683637539641936,0.0,0.0,0.0,0.0,0.0,0.0,100.0,100.0,100.0,0.0,0.0,0.0,0.0,0.0,0.0,0.0,0.0,0.0
2003-05-17,-0.06444370530517213,0.007464201948,7.7322,0.0,4.793964,2.938236,5.154800000000001,0.0,0.07037034158375462,10.0,0.24851026966938874,32.29510269669389,0.0,0.0,0.0,0.0,0.0,0.0,100.0,100.0,100.0,0.0,0.0,0.0,0.0,0.0,0.0,0.0,0.0,0.0
2003-05-18,-0.05482826425098561,0.007464201948,7.7322,0.0,4.793964,2.938236,5.154800000000001,0.0,0.06236289681093048,10.0,0.24147323551101327,32.224732355110135,0.0,0.0,0.0,0.0,0.0,0.0,100.0,100.0,100.0,0.0,0.0,0.0,0.0,0.0,0.0,0.0,0.0,0.0
2003-05-19,-0.042160612789935534,0.007464201948,7.7322,0.0,4.793964,2.938236,5.154800000000001,0.0,0.026903955309006758,10.0,0.23523694582992022,32.1623694582992,0.0,0.0,0.0,0.0,0.0,0.0,100.0,100.0,100.0,0.0,0.0,0.0,0.0,0.0,0.0,0.0,0.0,0.0
2003-05-20,-0.03502509269132566,0.007464201948,7.7322,0.0,4.793964,2.938236,5.154800000000001,0.0,0.3974270177887739,10.0,0.45606655029901955,34.3706655029902,0.0,0.0,0.0,0.0,0.0,0.0,100.0,100.0,100.0,0.0,0.0,0.0,0.0,0.0,0.0,0.0,0.0,0.0
2003-05-21,-0.03156787744201289,0.007464201948,7.7322,0.0,4.793964,2.938236,5.154800000000001,0.0,0.15817144401748873,10.0,0.36132384852014215,33.60323848520142,0.0,0.0,0.0,0.0,0.0,0.0,100.0,100.0,100.0,0.0,0.0,0.0,0.0,0.0,0.0,0.0,0.0,0.0
2003-05-22,-0.02666281879457254,0.007464201948,7.7322,0.0,4.793964,2.938236,5.154800000000001,0.0,0.09070706372248896,10.0,0.2905067041183933,33.075067041183935,0.0,0.0,0.0,0.0,0.0,0.0,100.0,100.0,100.0,0.0,0.0,0.0,0.0,0.0,0.0,0.0,0.0,0.0
2003-05-23,-0.018641962023458972,0.007464201948,7.7322,0.0,4.793964,2.938236,5.154800000000001,0.0,0.30834059344971587,10.0,0.29131999999999997,32.81755997746144,0.0,0.0,0.0,0.0,0.0,0.0,100.0,100.0,100.0,0.0,0.0,0.0,0.0,0.0,0.0,0.0,0.0,0.0
2003-05-24,-0.008312381995871686,0.007464201948,7.7322,0.0,4.793964,2.938236,5.154800000000001,0.0,0.03060714454030256,10.0,0.2604859406550284,32.414859406550285,0.0,0.0,0.0,0.0,0.0,0.0,100.0,100.0,100.0,0.0,0.0,0.0,0.0,0.0,0.0,0.0,0.0,0.0
2003-05-25,-0.0019496972246407238,0.007464201948,7.7322,0.0,4.793964,2.938236,5.154800000000001,0.0,0.4054433863964535,10.0,0.2904452262009981,32.714452262009985,0.0,0.0,0.0,0.0,0.0,0.0,100.0,100.0,100.0,0.0,0.0,0.0,0.0,0.0,0.0,0.0,0.0,0.0
2003-05-26,0.0,0.007464201948,7.7322,0.0,4.793964,2.938236,5.154800000000001,0.0013408843444833183,0.08049864674967036,10.0,0.24990088756135279,32.30900887561353,1.0,1.0,1.0,1.0,1.0,0.999999989,100.0,100.0,100.0,0.10112795098955778,0.10112795098955778,0.024270708237493867,0.024270708237493867,0.16180472158329245,0.16180472158329245,0.0,0.0,0.0
2003-05-27,0.010880856812606384,0.008887275653659762,9.206368381771979,0.0,5.707948396698627,3.498419985073352,6.13757892118132,0.0016081135477657791,0.07602210319086158,12.2,0.2469974872556864,32.227169344519375,1.0,1.0,1.0,1.0,1.0,0.999999989,100.0,100.0,100.0,0.11748014745047511,0.11748014745047511,0.028195235388114026,0.028195235388114026,0.18796823592076017,0.18796823592076017,0.0,0.0,0.0
2003-05-28,0.023346777930052336,0.0105828841399051,10.941420121860645,0.0,6.7836804755535995,4.157739646307045,7.278632834344948,0.0018347932117848099,0.07003007037962454,14.399999999999999,0.24527355054032962,32.14953912778075,1.0,1.0,1.0,1.0,1.0,0.999999989,100.0,100.0,100.0,0.12728536682714894,0.12728536682714894,0.03054848803851575,0.03054848803851575,0.20365658692343835,0.20365658692343835,0.0,0.0,0.0
2003-05-29,0.03961197625817528,0.012473914404556842,12.84975697552597,0.0,7.966849324826101,4.8829076506998685,8.514157880644548,0.0023426765500428205,0.0703231262098236,16.599999999999998,0.2443538713367071,32.07767426418933,1.0,1.0,1.0,1.0,1.0,0.999999989,100.0,100.0,100.0,0.1613201929867296,0.1613201929867296,0.0387168463168151,0.0387168463168151,0.25811230877876734,0.25811230877876734,0.0,0.0,0.0
2003-05-30,0.054082394081126035,0.014962324594020193,15.316558466343732,0.0,9.496266249133114,5.820292217210619,10.07884460021881,0.0029811477009565844,0.07097522130335905,18.799999999999997,0.2436068330547591,32.00500846142947,1.0,1.0,1.0,1.0,1.0,0.999999989,100.0,100.0,100.0,0.19315674773783637,0.19315674773783637,0.04635761945708074,0.04635761945708074,0.30905079638053823,0.30905079638053823,0.0,0.0,0.0
2003-05-31,0.07114256312213774,0.018042619277899352,18.322834903903214,0.0,11.360157640419992,6.962677263483221,11.951107352424579,0.0032219377373952232,0.05996907994130155,20.999999999999996,0.24295486154405502,31.931052092425155,1.0,1.0,1.0,1.0,1.0,0.999999989,100.0,100.0,100.0,0.22732514670042514,0.22732514670042514,0.05455803520810203,0.05455803520810203,0.3637202347206802,0.3637202347206802,0.0,0.0,0.0
2003-06-01,0.0825745346007345,0.021812217351261307,21.935909630128563,0.0,13.600263970679709,8.335645659448854,14.15297875071714,0.0036713580000685537,0.05508884106771282,23.199999999999996,0.2428905635666577,31.867861074746457,1.0,1.0,1.0,1.0,1.0,0.999999989,100.0,100.0,100.0,0.25361678305952917,0.25361678305952917,0.060868027934287014,0.060868027934287014,0.40578685289524674,0.40578685289524674,0.0,0.0,0.0
2003-06-02,0.09578177810075156,0.026128954177102093,26.024300518060436,0.0,16.13506632119747,9.889234196862965,16.60839669172223,0.0012072093506103668,0.08754405447358272,25.399999999999995,0.2640118454991605,32.34250087567868,1.0,1.0,1.0,1.0,1.0,0.999999989,100.0,100.0,100.0,0.06061633111163887,0.06061633111163887,0.014547919466793329,0.014547919466793329,0.0969861297786222,0.0969861297786222,0.0,0.0,0.0
2003-06-03,0.1021561751666756,0.027192172020774084,27.01765651970048,0.0,16.7509470422143,10.266709477486183,17.194969815687127,0.002543031766277892,0.21925123063105498,27.599999999999994,0.2917228120237132,33.09194961185448,1.0,1.0,1.0,1.0,1.0,0.999999989,100.0,100.0,100.0,0.16860219989660089,0.16860219989660089,0.040464527975184204,0.040464527975184204,0.26976351983456137,0.26976351983456137,0.0,0.0,0.0
2003-06-04,0.10952062778300714,0.030192610018732538,29.80276066751393,0.0,18.477711613858638,11.325049053655293,18.826131501203314,0.004327746796558307,0.04148282784704815,29.799999999999994,0.271,32.52,1.0,1.0,1.0,1.0,1.0,0.999999989,100.0,100.0,100.0,0.3103790886816914,0.3103790886816914,0.07449098128360593,0.07449098128360593,0.4966065418907063,0.4966065418907063,0.0,0.0,0.0
2003-06-05,0.11846526758324027,0.03580916970536266,34.97745978657696,0.0,21.686025067677715,13.291434718899243,21.82817018520751,0.004728664560480837,0.03786484955590391,31.999999999999993,0.2695684195423873,32.47418942535639,1.0,1.0,1.0,1.0,1.0,0.999999989,100.0,100.0,100.0,0.3319855327772271,0.3319855327772271,0.0796765278665345,0.0796765278665345,0.5311768524435634,0.5311768524435634,0.0,0.0,0.0
2003-06-06,0.12899984880925094,0.04193970581329555,40.575135657321674,0.0,25.156584107539437,15.418551549782237,25.03824767000177,0.007827671033996389,0.41849355156408197,34.199999999999996,0.2847542664105266,32.99039591124001,1.0,1.0,1.0,1.0,1.0,0.999999989,100.0,100.0,100.0,0.5187834198723699,0.5187834198723699,0.12450802076936876,0.12450802076936876,0.8300534717957918,0.8300534717957918,0.0,0.0,0.0
2003-06-07,0.13994898531498887,0.05175075927288188,49.439954996407025,0.0,30.652772097772356,18.78718289863467,30.05290221320821,0.003052270598568916,0.015882828827462895,36.4,0.2710000000000001,32.52,1.0,1.0,1.0,1.0,1.0,0.999999989,100.0,100.0,100.0,0.17525370244624425,0.17525370244624425,0.04206088858709862,0.04206088858709862,0.28040592391399083,0.28040592391399083,0.0,0.0,0.0
2003-06-08,0.1467769546281439,0.055148094533159414,52.47670088502444,0.0,32.535554548715155,19.941146336309284,31.74640287011833,0.008108327618418561,0.3350015300293089,38.6,0.3027529766988075,33.74566490057397,1.0,1.0,1.0,1.0,1.0,0.999999989,100.0,100.0,100.0,0.5534502095076824,0.5534502095076824,0.13282805028184377,0.13282805028184377,0.885520335212292,0.885520335212292,0.0,0.0,0.0
2003-06-09,0.1569896458722487,0.06604344157250151,62.150907978685126,0.0,38.533562946784784,23.617345031900346,37.09348474145621,0.012614256491701467,0.17893984038646674,40.800000000000004,0.27927009577919376,33.03255504292624,1.0,1.0,1.0,1.0,1.0,0.999999989,100.0,100.0,100.0,0.7753091807151554,0.7753091807151554,0.1860742033716373,0.1860742033716373,1.2404946891442488,1.2404946891442488,0.0,0.0,0.0
2003-06-10,0.17143080096957164,0.08166184438566704,75.88232831573886,0.0,47.047043555758094,28.835284759980766,44.582101881681744,0.013255265134466962,0.3684305330769074,43.00000000000001,0.2822232558139535,33.0026,1.0,1.0,1.0,1.0,1.0,0.999999989,100.0,100.0,100.0,0.8551156931701412,0.8551156931701412,0.2052277663608339,0.2052277663608339,1.3681851090722261,1.3681851090722261,0.0,0.0,0.0
2003-06-11,0.18389184496607963,0.0994573459521231,91.31306706730632,0.0,56.614101581729926,34.6989654855764,52.8388763658994,0.019196111084896564,0.11508841636074894,45.20000000000001,0.271,32.52,1.0,1.0,1.0,1.0,1.0,0.999999989,100.0,100.0,100.0,1.1495713615839125,1.1495713615839125,0.27589712678013895,0.27589712678013895,1.8393141785342597,1.8393141785342597,0.0,0.0,0.0
2003-06-12,0.19746974965738226,0.12406085670496526,112.39741036440354,0.0,69.6863944259302,42.71101593847334,63.936137888499196,0.00641484511433268,0.02531820507271874,47.40000000000001,0.26816699309186404,32.38571547255435,1.0,1.0,1.0,1.0,1.0,0.999999989,100.0,100.0,100.0,0.24663000238670071,0.24663000238670071,0.059191200572808175,0.059191200572808175,0.3946080038187212,0.3946080038187212,0.0,0.0,0.0
2003-06-13,0.2100575987982774,0.12950295156716757,117.00236124832159,0.0,72.54146397395938,44.4608972743622,66.316419125351,0.025400136545017948,0.4351641379902216,49.600000000000016,0.28455206496708274,33.19218242236731,1.0,1.0,1.0,1.0,1.0,0.999999989,100.0,100.0,100.0,1.437677513704871,1.437677513704871,0.345042603289169,0.345042603289169,2.3002840219277934,2.3002840219277934,0.0,0.0,0.0
2003-06-14,0.22551807217163564,0.16213692151933073,144.29764504019084,0.0,89.46453992491833,54.8331051152725,80.18941952467372,0.03157154343660624,0.08441381739599789,51.80000000000002,0.271,32.519999999999996,1.0,1.0,1.0,1.0,1.0,0.999999989,100.0,100.0,100.0,1.7357581830634163,1.7357581830634163,0.4165819639352199,0.4165819639352199,2.7772130929014667,2.7772130929014667,0.0,0.0,0.0
2003-06-15,0.24201737230478104,0.20293030876177853,177.94065690166528,0.0,110.32320727903249,67.61744962263279,96.93619073162128,0.03896081651701813,0.07707346533278968,54.00000000000002,0.2688521229475444,32.4040146391674,1.0,1.0,1.0,1.0,1.0,0.999999989,100.0,100.0,100.0,2.0786142019969085,2.0786142019969085,0.49886740847925803,0.49886740847925803,3.3257827231950534,3.3257827231950534,0.0,0.0,0.0
2003-06-16,0.2597115670677286,0.2536278219036205,219.13731220605655,0.0,135.86513356775507,83.27217863830148,116.988920041411,0.041926234339596025,0.0629460644355476,56.200000000000024,0.2668715366070745,32.287980357317586,1.0,1.0,1.0,1.0,1.0,0.999999989,100.0,100.0,100.0,2.2619309797451637,2.2619309797451637,0.5428634351388393,0.5428634351388393,3.6190895675922623,3.6190895675922623,0.0,0.0,0.0
2003-06-17,0.27758133818444297,0.3110376782973236,265.064566322397,0.0,164.34003111988613,100.72453520251086,138.80962512728132,0.04844316961930228,0.05577191720683046,58.40000000000003,0.26523130237230214,32.183108058542444,1.0,1.0,1.0,1.0,1.0,0.999999989,100.0,100.0,100.0,2.569754212960189,2.569754212960189,0.6167410111104453,0.6167410111104453,4.111606740736303,4.111606740736303,0.0,0.0,0.0
2003-06-18,0.29560230005023436,0.3789408421692929,318.5482703867086,0.0,197.49992763975933,121.0483427469493,163.6015069043163,0.03737791992539176,0.035817192495578354,60.60000000000003,0.26372100613393257,32.078892971716314,1.0,1.0,1.0,1.0,1.0,0.999999989,100.0,100.0,100.0,1.9022712779293636,1.9022712779293636,0.45654510670304727,0.45654510670304727,3.043634044686982,3.043634044686982,0.0,0.0,0.0
2003-06-19,0.31221377396495303,0.43129436625735673,359.15260474023853,0.0,222.67461493894785,136.47798980129065,181.9567672399323,0.08228954076231158,0.3891738621104547,62.80000000000003,0.3024601569951488,34.49569785929535,1.0,1.0,1.0,1.0,1.0,0.999999989,100.0,100.0,100.0,4.017533508623983,4.017533508623983,0.9642080420697559,0.8,6.428053613798374,6.428053613798374,0.0,0.0,0.0
2003-06-20,0.32740600568672307,0.5462420805796537,447.06226732580285,0.0,277.1786057419977,169.8836615838051,220.5566682772181,0.09935865149339186,0.35999672327639437,65.00000000000003,0.2928208851283947,34.11143445642258,1.0,1.0,1.0,1.0,1.0,0.999999989,100.0,100.0,100.0,4.8419964919718055,4.8419964919718055,1.1620791580732333,0.8,7.747194387154889,7.4,0.0,0.0,0.0
2003-06-21,0.3414374826252567,0.6898561349699407,555.5141616231236,0.0,344.41878020633663,211.09538141678703,266.82333512580783,0.08944495038758103,0.08348906299427138,67.20000000000003,0.2772965064806391,33.282079081652796,1.0,1.0,1.0,1.0,1.0,0.999999989,100.0,100.0,100.0,4.513188775743896,4.513188775743896,1.0831653061785351,0.8,7.221102041190234,7.221102041190234,0.0,0.0,0.0
2003-06-22,0.357951414121216,0.8267274579173746,659.3239825287479,0.0,407.7662476754939,251.55773485325403,309.933263612253,0.07048547556184957,0.07461871812644671,69.40000000000003,0.27149756548287163,32.76454506827094,1.0,1.0,1.0,0.9895099504617623,0.9895099504617623,0.9998766359358554,100.0,100.0,100.0,3.1657501311225467,3.1657501311225467,0.8133549616019742,0.8,5.065200209796075,5.065200209796075,0.0,0.0,0.0
2003-06-23,0.37560171479572185,0.9241195903575473,734.5801901995667,0.0,452.62754517662756,281.95264502293907,340.19901110350344,0.13846462607944204,0.2790865495519715,71.60000000000004,0.27619590573775127,32.892026850822994,1.0,1.0,1.0,1.0,1.0,0.999999989,100.0,100.0,100.0,6.233365728336729,6.233365728336729,1.4960077748008147,0.8,9.973385165338767,7.4,0.0,0.0,0.0
2003-06-24,0.3941347743599999,1.1222978485566717,888.1476616412668,0.0,541.8550468954732,346.2926147457937,399.8484190247144,0.15786245728857567,0.07952344945810792,73.80000000000004,0.27072731267197264,32.49987567519158,1.0,1.0,1.0,0.9566902929749698,0.9566902929749698,0.9979271570696011,100.0,100.0,100.0,6.568321812104381,6.568321812104381,1.8996960484218293,0.8,10.509314899367011,7.4,0.0,0.0,0.0
2003-06-25,0.4163744458371335,1.3300171156600922,1056.2478191909331,0.0,636.8642339091132,419.38358528182005,462.76489630465625,0.09072314690856272,0.024832940339362654,76.00000000000004,0.26761170747953805,32.262489768444894,1.0,1.0,1.0,0.9047674761779375,0.9047674761779375,0.9900028808918875,100.0,100.0,100.0,3.897354016703094,3.897354016703094,1.8075459906250444,0.8,6.23576642672495,6.23576642672495,0.0,0.0,0.0
2003-06-26,0.4300498929471955,1.449231464839703,1160.017229078101,0.0,693.5419555324122,466.4752735456889,499.88129337783187,0.2192228775182623,0.0430040188231012,78.20000000000005,0.26622933096159807,32.14693368119697,1.0,1.0,1.0,0.9144653992214549,0.9144653992214549,0.9919333866644491,100.0,100.0,100.0,8.932403364480523,7.2,2.9960195722494145,0.8,14.291845383168836,7.4,0.0,0.0,0.0
2003-06-27,0.442281712259619,1.7334345763768038,1403.4012866911512,0.0,823.6314203664256,579.7698663247255,584.4992729854299,0.2547350216201533,0.03695490908690973,80.40000000000005,0.26309834309521896,31.884706784855602,1.0,1.0,0.9719141974909976,0.8283646729847542,0.8283646729847542,0.9675576752004633,100.0,100.0,100.0,9.371225241833859,7.2,4.282250452437602,0.8,16.70487283245529,7.4,0.0,0.0,0.0
2003-06-28,0.4589614658674692,2.0151000152419276,1664.1105207413887,0.0,960.2561396148536,703.854381126535,672.8391839283577,0.2700913666309835,0.1823245035363641,82.60000000000005,0.2625449982342438,31.821616854148537,1.0,1.0,0.911181613254394,0.7660729771605846,0.7660729771605846,0.9397544878390117,100.0,100.0,100.0,9.661604684553192,7.2,5.521799754364932,0.8,22.907365134990332,7.4,0.0,0.0,0.0
2003-06-29,0.47488038860899645,2.2928879403619464,1940.7035692226343,0.0,1101.2623257804623,839.441243442172,763.2826347232378,0.2761806836292979,0.09982747856718274,84.80000000000005,0.25832784179223106,31.44540098398119,1.0,1.0,0.8625831533391215,0.7176565797107466,0.7176565797107466,0.912248285768839,100.0,100.0,100.0,9.574850623742769,7.2,6.685573250862956,0.8,28.634222783395415,7.4,0.0,0.0,0.0
2003-06-30,0.491052921639298,2.5564135988169765,2222.483907864512,0.0,1241.0797918594071,981.4041160051045,852.2892418429614,0.32010860073120784,0.02144298734931423,87.00000000000006,0.2543263542733875,31.06939282178471,1.0,1.0,0.8282591919633221,0.6829706386623302,0.6829706386623302,0.8893718649953178,100.0,100.0,100.0,10.376591559981607,7.2,7.8875334389319125,0.8,34.62871851839686,7.4,0.0,0.0,0.0
2003-07-01,0.5060403142816733,2.8239362989893286,2525.806880311868,0.0,1387.3945912693268,1138.4122890425413,944.7316590434095,0.32184755908808643,0.017589226583391678,89.20000000000006,0.25090853401013663,30.727841233704183,1.0,1.0,0.7967389934503958,0.6521367292614892,0.6521367292614892,0.8668137184386536,100.0,100.0,100.0,10.307903334666598,7.2,8.94738416540235,0.8,39.687982212105766,7.4,0.0,0.0,0.0
2003-07-02,0.5233248308858315,3.068492175153529,2824.0841556005207,0.0,1527.4553239775626,1296.6288316229584,1032.6157614880965,0.3503736410745991,0.015781157807412148,91.40000000000006,0.24767838564587208,30.388404448032706,1.0,1.0,0.7788696016584865,0.6330634370133015,0.6330634370133015,0.8518125775740024,100.0,100.0,100.0,10.047534777889405,7.2,9.837389837613586,0.8,43.62781693613787,7.4,0.0,0.0,0.0
2003-07-03,0.5429649969030282,3.298141184221818,3123.447784909831,0.0,1663.604449032048,1459.8433358777834,1117.3816476523439,0.3695619139660326,0.01396829446434783,93.60000000000007,0.24431463300374676,30.022249649150694,1.0,1.0,0.7696762084188484,0.6214609444391657,0.6214609444391657,0.8422957121643994,100.0,100.0,100.0,9.29783070469534,7.2,10.475010531558944,0.8,45.895890439854874,7.4,0.0,0.0,0.0
2003-07-04,0.5653802447339287,3.5047573709541937,3413.980430090303,0.0,1790.8611555455564,1623.1192745447465,1195.9265084713193,0.32620815650774815,0.010766199764506353,95.80000000000007,0.24092400251273818,29.638719440720315,1.0,1.0,0.7707022832530468,0.6181905109405335,0.6181905109405335,0.8395596563829709,100.0,100.0,100.0,8.423174099752007,7.2,10.874134382984241,0.8,46.583210527284365,7.4,0.0,0.0,0.0
2003-07-05,0.5858592755524559,3.6938770866203616,3699.8253465326616,0.0,1910.5892659172166,1789.2360806154452,1269.1146426214743,0.33345417408969424,0.07717158542522373,98.00000000000007,0.26278311310661284,31.714745084448058,1.0,1.0,0.7754576155320355,0.6181080583641723,0.6181080583641723,0.8394903721778194,100.0,100.0,100.0,8.299138533480079,7.2,11.28591989342032,0.8,47.36166113309399,7.4,0.0,0.0,0.0
2003-07-06,0.6051873058296227,3.882317005859967,3998.380183788008,0.0,2030.416226006018,1967.9639577819898,1341.737988848563,0.389312111621484,0.0789436639612118,100.0,0.2761111932493314,33.031119324933144,1.0,1.0,0.7795461938373625,0.6178043116325324,0.6178043116325324,0.8392350073212085,100.0,100.0,100.0,8.651303243222863,7.2,11.771855505348087,0.8,48.63979964641993,7.4,0.0,0.0,0.0
2003-07-07,0.6247933320002537,4.078850671967377,4321.216224605181,0.0,2154.6564281496208,2166.55979645556,1416.4465980867799,0.36978591640829084,0.06790237567682413,100.0,0.27201600000000004,32.6216,1.0,1.0,0.7818348719981298,0.6163890475949939,0.6163890475949939,0.8380424955048875,100.0,100.0,100.0,8.035775012286543,7.2,12.059525761455063,0.8,48.60149306096435,7.4,0.0,0.0,0.0
2003-07-08,0.645413799325982,4.253159356278635,4632.608768381668,0.0,2269.275570011487,2363.3331983701805,1484.8393464604778,0.7280333182693084,0.03186860696913504,100.0,0.26763911707914884,32.18391170791489,1.0,1.0,0.79085138877069,0.6201439607156134,0.6201439607156134,0.8411967490324538,100.0,100.0,100.0,7.7982256574405096,7.2,12.217454454904027,0.8,47.70407770124439,7.4,0.0,0.0,0.0
2003-07-09,0.6664390676895616,4.418350692363004,4947.22247522125,0.0,2379.5365279623506,2567.6859472588985,1550.1179429638357,0.6187146784740639,0.07940305031273819,100.0,0.2646120978267644,31.881209782676443,1.0,1.0,0.8025016297799931,0.6259322116608965,0.6259322116608965,0.8459983127863662,100.0,100.0,100.0,6.99313099027474,6.99313099027474,12.132730260119152,0.8,45.19252012591332,7.4,0.0,0.0,0.0
2003-07-10,0.684001580187184,4.557517040679212,5241.39388341726,0.0,2477.3477928115794,2764.0460906056815,1607.5840899094453,0.6818840469052131,0.08392642272618055,100.0,0.26474292053889636,31.894292053889636,1.0,1.0,0.8170657323479374,0.6339253514176899,0.6339253514176899,0.8525077394091839,100.0,100.0,100.0,8.279442637958704,7.2,12.445842536380209,0.8,45.33566532892878,7.4,0.0,0.0,0.0
2003-07-11,0.7007691219719177,4.737365414185592,5602.248275245548,0.0,2591.915294445829,3010.332980799719,1674.484702176816,0.608630328738065,0.014879508584337496,100.0,0.25708481584258247,31.128481584258246,1.0,1.0,0.8208908322747538,0.634118710110239,0.634118710110239,0.8526634649956895,100.0,100.0,100.0,8.141355502063291,7.2,12.725763708686152,0.8,45.25835011613387,7.4,0.0,0.0,0.0
2003-07-12,0.7167124303181347,4.909198348437325,5969.513128407446,0.0,2703.2556496701122,3266.2574787373337,1739.1007532684962,0.5430707577119475,0.01147622776032864,100.0,0.2508497174693584,30.504971746935844,1.0,1.0,0.8255975730229407,0.6350414538090036,0.6350414538090036,0.8534054836382077,100.0,100.0,100.0,8.098264007792919,7.2,12.991930261316302,0.8,45.09365537586886,7.4,0.0,0.0,0.0
2003-07-13,0.7310901828432641,5.075687922082492,6347.704113839902,0.0,2812.755800824657,3534.9483130152444,1801.5088789665758,0.6620449408077529,0.011632732468625307,100.0,0.24530424761463568,29.950424761463566,1.0,1.0,0.8294262730476788,0.6354101636918806,0.6354101636918806,0.8537014556229128,100.0,100.0,100.0,7.6308728530761085,7.2,13.176185412166582,0.8,44.386669688435816,7.4,0.0,0.0,0.0
2003-07-14,0.7475504660089057,5.223086353872704,6715.518226203305,0.0,2914.7323397578216,3800.785886445483,1858.6456051080497,0.9143039475489494,0.08307931440509639,100.0,0.2614274708818719,31.562747088187187,1.0,1.0,0.8395523092067939,0.6403372209501849,0.6403372209501849,0.8576278170913892,100.0,100.0,100.0,6.597279024105563,6.597279024105563,12.996931610957713,0.8,41.26008563438399,7.4,0.0,0.0,0.0
2003-07-15,0.7685952428562373,5.33234634190874,7045.397348063236,0.0,3001.5512951330975,4043.8460529301383,1906.299639830791,0.6414029304911337,0.0503807062451805,100.0,0.2527236382623314,30.69236382623314,1.0,1.0,0.8633012624519387,0.6549146461023123,0.6549146461023123,0.8689317785999809,100.0,100.0,100.0,6.99817813524889,6.99817813524889,12.681910537837336,0.8,37.23557662652029,7.4,0.0,0.0,0.0
2003-07-16,0.7869917430342521,5.452477011249627,7412.41946100036,0.0,3091.545274616086,4320.874186384274,1954.321177406254,0.6978854160884068,0.01889739603800115,100.0,0.24580580189496828,30.00058018949683,1.0,1.0,0.8811729814908621,0.6651334386099516,0.6651334386099516,0.8765771430255795,100.0,100.0,100.0,6.078668259509774,6.078668259509774,12.233694179575512,0.8,32.325372093305496,7.4,0.0,0.0,0.0
2003-07-17,0.8048761455137804,5.537765298502782,7745.045388084986,0.0,3167.8762002585727,4577.169187826414,1993.969972218035,0.8896679202285153,0.01535969565576635,100.0,0.23863797377370422,29.28379737737042,1.0,1.0,0.9059431479209669,0.6800453871762714,0.6800453871762714,0.8873215492912785,100.0,100.0,100.0,5.3685909615060154,5.3685909615060154,11.610801422240218,0.8,26.255250108747266,7.4,0.0,0.0,0.0
2003-07-18,0.8282863260160263,5.596411962300138,8051.275642184179,0.0,3233.469724941935,4817.805917242244,2027.259756401718,0.7191310014269691,0.011102981090288651,100.0,0.2295876976148614,28.37876976148614,1.0,1.0,0.9448384244179131,0.7044058902812047,0.7044058902812047,0.9038214928253699,100.0,100.0,100.0,5.759899017109721,5.759899017109721,10.8025909257682,0.8,21.39009078193168,7.4,0.0,0.0,0.0
2003-07-19,0.8479703861216646,5.661717280855602,8398.022820048307,0.0,3300.8051436945298,5097.217676353776,2061.003798961226,0.5614574965238519,0.03674185447517411,100.0,0.2471853577896888,30.13853577896888,1.0,1.0,0.9768320247664724,0.7229407084688834,0.7229407084688834,0.9155009998297664,100.0,100.0,100.0,5.871414333784715,5.871414333784715,10.188959707230719,0.8,18.228645814561162,7.4,0.0,0.0,0.0
2003-07-20,0.8657670004243095,5.72457908486294,8768.251352676267,0.0,3366.472860252367,5401.7784924239,2093.5530119298955,0.6552695978234191,0.017947715687945537,100.0,0.24120336427969857,29.540336427969855,1.0,1.0,1.0,0.7389649627018194,0.7389649627018194,0.9249893415248056,100.0,100.0,100.0,5.350157439708606,5.350157439708606,9.527628877781503,0.8,14.872973208941932,7.4,0.0,0.0,0.0
2003-07-21,0.8861484888240774,5.768179925964401,9120.347035293442,0.0,3423.5696626805934,5696.777372612849,2121.5643117430145,0.4860646051861978,0.009505903651674088,100.0,0.23447119114458492,28.86711911445849,1.0,1.0,1.0,0.7613804901028227,0.7613804901028227,0.9373142951538966,100.0,100.0,100.0,4.517558331758677,4.517558331758677,8.516791381362989,0.8,10.205847532924642,7.4,0.0,0.0,0.0
2003-07-22,0.902004008993411,5.792594403028827,9431.54616720598,0.0,3470.2495324674737,5961.2966347385045,2143.3910270757247,0.5309904119011125,0.008879396500503416,100.0,0.2295154860562062,28.371548605620617,1.0,1.0,1.0,0.7837896786467379,0.7837896786467379,0.9485308293636533,100.0,100.0,100.0,6.093631479955881,6.093631479955881,8.11754928488696,0.8,9.74981036792941,7.4,0.0,0.0,0.0
2003-07-23,0.9150795702281029,5.867076852510091,9863.565565505429,0.0,3535.052442212391,6328.513123293037,2170.379591168446,0.49056930008010036,0.031220810248009608,100.0,0.24901678797219,30.321678797219,1.0,1.0,1.0,0.7926186368309511,0.7926186368309511,0.9526466323312646,100.0,100.0,100.0,6.2574234356264276,6.2574234356264276,7.8993436514530275,0.8,10.011877497002285,7.4,0.0,0.0,0.0
2003-07-24,0.9274089319592858,5.948691601964156,10318.96535545283,0.0,3603.3624107045007,6715.60294474833,2194.8289908118973,0.7521141366137615,0.020371076452694894,100.0,0.24379888686890894,29.799888686890895,1.0,1.0,1.0,0.7997399421136545,0.7997399421136545,0.9558414319241583,100.0,100.0,100.0,5.682651810045837,5.682651810045837,7.562859683542502,0.8,9.092242896073339,7.4,0.0,0.0,0.0
2003-07-25,0.943781426948044,6.017796400309126,10742.986783657945,0.0,3666.965624935268,7076.021158722677,2214.138092821921,0.9960151755568316,0.018919079251668216,100.0,0.23607403473824437,29.027403473824435,1.0,1.0,1.0,0.8164821357018424,0.8164821357018424,0.9629129279016417,100.0,100.0,100.0,4.725810837240778,4.725810837240778,6.829928092586516,0.8,7.561297339585245,7.4,0.0,0.0,0.0
2003-07-26,0.965196864986661,6.066448979535196,11107.651878464705,0.0,3721.665389156282,7385.986489308422,2226.8680599367735,0.8427807689724472,0.01114397366168243,100.0,0.2259246921901594,28.01246921901594,1.0,1.0,1.0,0.8474691661991178,0.8474691661991178,0.9743742114305722,100.0,100.0,100.0,3.998848156140659,3.998848156140659,5.912673170737623,0.8,6.398157049825055,6.398157049825055,0.0,0.0,0.0
2003-07-27,0.9879925282507229,6.1080605141564925,11446.44649048124,17.162053256745054,3770.768375633088,7658.516061591407,2234.0936118258196,0.45321276539468525,0.021504934164724543,100.0,0.2422854447638181,29.648544476381808,1.0,1.0,1.0,0.8872505743888283,0.8872505743888283,0.9859915078531515,100.0,100.0,100.0,0.707099867164,0.707099867164,4.312778119670683,0.8,1.1313597874624002,1.1313597874624002,0.0,0.0,0.0
2003-07-28,1.0,6.061301748285886,11514.546705327115,25.786384378118917,3780.1209747478315,7708.639346201164,2234.587799032704,0.6190408634967702,0.03187127992588729,100.0,0.243380267768224,29.758026776822398,1.0,1.0,1.0,0.9350307687109164,0.9350307687109164,0.9953425946533925,100.0,100.0,100.0,4.017681344166879,4.017681344166879,4.070414617622228,0.8,6.428290150667006,6.428290150667006,0.026086320950252484,0.004633754379321165,0.0054918570421584175
2003-07-29,1.027714997031427,6.14698286865649,11930.168913344378,95.05675238099613,3835.5372691501334,7999.5748918132485,2234.587799032704,0.5059250422949267,0.00862089343104627,100.0,0.23687114633399742,29.10711463339974,1.0,1.0,1.0,0.9395529693304492,0.9395529693304492,0.9959674627848105,100.0,100.0,100.0,3.3345273254918486,3.3345273254918486,3.771050248353851,0.8,5.3365434944276675,5.3365434944276675,0.06267299310996799,0.011132702723481158,0.013194314338940631
2003-07-30,1.0544321543857549,6.209709648469934,12317.414206260539,195.37264167904095,3883.592474157753,8238.449090423745,2234.587799032704,0.5667661453123692,0.007113549686555413,100.0,0.23172568697673768,28.59256869767377,1.0,1.0,1.0,0.9488445516436191,0.9488445516436191,0.997110166915165,100.0,100.0,100.0,2.7262429082810278,2.7262429082810278,3.3671759657117395,0.8,4.36408501516466,4.36408501516466,0.2008919574180853,0.035684755594002,0.04229304366696533
2003-07-31,1.0853069770613288,6.2540824760436875,12676.039447124698,320.2126634142226,3924.902258113859,8430.924525596618,2234.587799032704,0.5523737116930979,0.005954398808107491,100.0,0.22598689002674843,28.01868900267484,1.0,1.0,1.0,0.9628009894683766,0.9628009894683766,0.998469662194698,100.0,100.0,100.0,1.8375728850172377,1.8375728850172377,2.776449824171874,0.8,2.942342556622327,2.942342556622327,0.47776917702841903,0.08486689328794286,0.1005829846375619
2003-08-01,1.1125480002461337,6.271130803597625,12961.079989340104,448.7725771045166,3954.80234807714,8557.505064158446,2234.587799032704,0.5226936389012133,0.023475035846349995,100.0,0.24530360892173636,29.950360892173634,1.0,1.0,1.0,0.9820160689278004,0.9820160689278004,0.9996402685806736,100.0,100.0,100.0,1.4983134584641602,1.4983134584641602,2.1781630006604824,0.8,2.3997070556678257,2.3997070556678257,0.9167155077151956,0.1628376230809887,0.19299273846635695
2003-08-02,1.1413356749304422,6.281228194218635,13252.032789969051,612.5033564885173,3980.2467523261294,8659.282681154404,2234.587799032704,0.5369574647039599,0.00987563353792648,100.0,0.23984192217426073,29.404192217426072,1.0,1.0,1.0,1.0,1.0,0.999999989,100.0,100.0,100.0,1.0984706940419113,1.0984706940419113,1.5159908259474357,0.8,1.7597785519800422,1.7597785519800422,1.5071782741425412,0.2677224565911093,0.31730068929316657
2003-08-03,1.1687845813813094,6.279231217037943,13571.562336685323,838.3079772153303,3998.991737524022,8734.26262194597,2234.587799032704,0.556441688807793,0.00839645416490022,100.0,0.23437359119184187,28.85735911918419,1.0,1.0,1.0,1.0,1.0,0.999999989,100.0,100.0,100.0,0.5653689605708878,0.5653689605708878,0.7815368365309022,0.7815368365309022,0.9059645663420306,0.9059645663420306,2.2874655485908333,0.4063261171838981,0.48157169444017545
2003-08-04,1.1951857561712225,6.254809820761154,13882.074076136676,1100.3559470017244,4008.684491457014,8773.033637677938,2234.587799032704,0.4378601804623607,0.0051329640950407065,100.0,0.22872520976211494,28.29252097621149,1.0,1.0,1.0,1.0,1.0,0.999999989,100.0,100.0,100.0,0.05900196685186841,0.05900196685186841,0.014155712213596827,0.014155712213596827,0.09456974104279516,0.09456974104279516,3.332947119099052,0.5920366593136475,0.7016730777050637
2003-08-05,1.2222188960899651,6.210536227648183,14093.13317231887,1306.3345934274082,4009.700581408316,8777.097997483148,2234.587799032704,0.573415803367937,0.025038828865089208,100.0,0.24919527831654092,30.339527831654095,1.0,1.0,1.0,1.0,1.0,0.999999989,100.0,100.0,100.0,0.0,0.0,0.024754296147293076,0.024754296147293076,0.0,0.0,4.672193446631768,0.8299290990727484,0.9836196729751092
2003-08-06,1.2527777362011245,6.165307814372143,14350.996064410783,1564.1974855193205,4009.700581408316,8777.097997483148,2234.587799032704,0.4932884540895875,0.021920752111509737,100.0,0.24651273199421067,30.071273199421064,1.0,1.0,1.0,1.0,1.0,0.999999989,100.0,100.0,100.0,0.0,0.0,0.02906031003150744,0.02906031003150744,0.0,0.0,6.190602683978252,1.0996465293908737,1.3032847755743688
2003-08-07,1.279436686240955,6.121438121633765,14564.039305889855,1777.240726998392,4009.700581408316,8777.097997483148,2234.587799032704,0.5480620282626946,0.008582934327754406,100.0,0.2413606399321997,29.556063993219972,1.0,1.0,1.0,1.0,1.0,0.999999989,100.0,100.0,100.0,0.0,0.0,0.06442203323628704,0.06442203323628704,0.0,0.0,7.949122593569794,1.412015197542003,1.6734994933831144
2003-08-08,1.3067109707483298,6.078930836031184,14839.829936780021,2053.031357888557,4009.700581408316,8777.097997483148,2234.587799032704,0.5131100930268727,0.006537157106774347,100.0,0.2357941903062952,28.999419030629518,1.0,1.0,1.0,1.0,1.0,0.999999989,100.0,100.0,100.0,0.0,0.0,0.07569782946623604,0.07569782946623604,0.0,0.0,9.85561623925037,1.7506686740773687,2.0748665766842884
2003-08-09,1.3348251036505963,6.037760536193027,15100.6326275157,2313.834048624238,4009.700581408316,8777.097997483148,2234.587799032704,0.5302826093004523,0.02636175894493685,100.0,0.2554977178049587,30.969771780495876,1.0,1.0,1.0,1.0,1.0,0.999999989,100.0,100.0,100.0,0.0,0.0,0.09365202982924004,0.09365202982924004,0.0,0.0,11.99066227931594,2.1299202732995424,2.524349953540198
2003-08-10,1.3640950675121692,5.997929909147063,15349.965815906944,2563.16723701548,4009.700581408316,8777.097997483148,2234.587799032704,0.5086401240597622,0.010001706938409516,100.0,0.24993127412250485,30.413127412250482,1.0,1.0,1.0,1.0,1.0,0.999999989,100.0,100.0,100.0,0.0,0.0,0.10652181415068185,0.10652181415068185,0.0,0.0,14.308623805293188,2.5416634390981323,3.0123418537459346
2003-08-11,1.395285872752158,5.95922309194278,15576.557840925496,2789.759262034033,4009.700581408316,8777.097997483148,2234.587799032704,0.5208497869337041,0.007848605700606406,100.0,0.24474485581252314,29.89448558125231,1.0,1.0,1.0,1.0,1.0,0.999999989,100.0,100.0,100.0,0.0,0.0,0.11366123416188145,0.11366123416188145,0.0,0.0,16.773775625027397,2.9795522491824986,3.531321184216295
2003-08-12,1.4223273280015432,5.921557350326814,15813.138255222548,3026.339676331085,4009.700581408316,8777.097997483148,2234.587799032704,0.5526585063967417,0.007447560054469447,100.0,0.23945787188618003,29.365787188618,1.0,1.0,1.0,1.0,1.0,0.999999989,100.0,100.0,100.0,0.0,0.0,0.13779916795985514,0.13779916795985514,0.0,0.0,19.336832140816387,3.4348320250134377,4.070912029645556
2003-08-13,1.4487368181220988,5.8849543946737315,16066.442766178512,3279.6441872870496,4009.700581408316,8777.097997483148,2234.587799032704,0.48691268963228374,0.006101245703058261,100.0,0.2338568112216679,28.80568112216679,1.0,1.0,1.0,1.0,1.0,0.999999989,100.0,100.0,100.0,0.0,0.0,0.15018808023856423,0.15018808023856423,0.0,0.0,22.003185234757996,3.908460535121487,4.632249523106948
2003-08-14,1.473092421573959,5.849376577893781,16302.760672163344,3515.962093271881,4009.700581408316,8777.097997483148,2234.587799032704,0.5433451751060243,0.02639979944834335,100.0,0.2538266718683145,30.80266718683145,1.0,1.0,1.0,1.0,1.0,0.999999989,100.0,100.0,100.0,0.0,0.0,0.16919169602626738,0.16919169602626738,0.0,0.0,24.787925875958514,4.403118412176842,5.218510710728109
2003-08-15,1.5015225370406402,5.814810770445867,16527.555168900035,3740.7565900085738,4009.700581408316,8777.097997483148,2234.587799032704,0.6275366802330303,0.013548775605535216,100.0,0.2481292221227708,30.23292221227708,1.0,1.0,1.0,1.0,1.0,0.999999989,100.0,100.0,100.0,0.0,0.0,0.16340755437857624,0.16340755437857624,0.0,0.0,27.65339567013592,4.9121163361425655,5.821767509502299
2003-08-16,1.533777704602868,5.7811477891959875,16735.588200788425,3948.789621896963,4009.700581408316,8777.097997483148,2234.587799032704,0.6091393570329036,0.01069970613965735,100.0,0.24171836756438514,29.59183675643851,1.0,1.0,1.0,1.0,1.0,0.999999989,100.0,100.0,100.0,0.0,0.0,0.10887179327343599,0.10887179327343599,0.0,0.0,30.574006119935362,5.4309089818306235,6.436632867354813
2003-08-17,1.568502525365916,5.748255185832281,16925.102304005508,4138.303725114043,4009.700581408316,8777.097997483148,2234.5877990327044,0.6854028338058601,0.010374329064816825,100.0,0.23551997693265952,28.971997693265955,1.0,1.0,1.0,1.0,1.0,0.999999989,100.0,100.0,100.0,0.0,0.0,0.0,0.0,0.0,0.0,33.51876573322521,5.953991281559741,7.05658225962636
2003-08-18,1.6043499157657004,5.716040694310485,17104.12437343683,4317.325794545366,4009.700581408316,8777.097997483148,2234.5877990327044,0.7095574152390269,0.009379255132867702,100.0,0.22856220530395277,28.27622053039528,1.0,1.0,1.0,1.0,1.0,0.999999989,100.0,100.0,100.0,0.0,0.0,0.0,0.0,0.0,0.0,36.45711082207603,6.4759341591845585,7.675181225700218
2003-08-19,1.6418271109714133,5.684519462998083,17223.089197717352,4436.29061882589,4009.700581408316,8777.097997483148,2234.5877990327044,0.624314773965285,0.029850948793096275,100.0,0.23585083860023381,29.005083860023383,1.0,1.0,1.0,1.0,1.0,0.999999989,100.0,100.0,100.0,0.0,0.0,0.0,0.0,0.0,0.0,39.37373494757738,6.9940187077933516,8.289207357384713
2003-08-20,1.674639405686688,5.653640453592068,17380.43413890709,4593.6355600156285,4009.700581408316,8777.097997483148,2234.5877990327044,0.6591125250372031,0.033558140289636135,100.0,0.25420918137265003,30.840918137265,1.0,1.0,1.0,1.0,1.0,0.999999989,100.0,100.0,100.0,0.0,0.0,0.0,0.0,0.0,0.0,42.179523193434996,7.4924153040970065,8.879899619670526
2003-08-21,1.7100128222398505,5.623448996819878,17555.651774090224,4768.85319519876,4009.700581408316,8777.097997483148,2234.5877990327044,0.5793963972624588,0.02941466459269028,100.0,0.2549024747193816,30.910247471938163,1.0,1.0,1.0,1.0,1.0,0.999999989,100.0,100.0,100.0,0.0,0.0,0.0,0.0,0.0,0.0,44.94389692531525,7.983455374891526,9.461873036908475
2003-08-22,1.7402972564398076,5.593880727638646,17759.680036578364,4972.881457686904,4009.7005814083154,8777.097997483146,2234.5877990327044,0.519905156776868,0.008479498734113938,100.0,0.24881436410083013,30.301436410083014,1.0,1.0,1.0,1.0,1.0,0.999999989,100.0,100.0,100.0,0.0,0.0,0.0,0.0,0.0,0.0,47.69816408948584,8.472700200106038,10.04171875568123
2003-08-23,1.7688188405435563,5.56498611875488,17969.64987625491,5182.851297363448,4009.700581408316,8777.097997483146,2234.5877990327044,0.6612913954250177,0.009932867615192333,100.0,0.24353051754572028,29.77305175457203,1.0,1.0,1.0,1.0,1.0,0.999999989,100.0,100.0,100.0,0.0,0.0,0.0,0.0,0.0,0.0,50.487127496221355,8.968108173670899,10.628868946572917
2003-08-24,1.8012652607105615,5.536763911481348,18161.734257737855,5374.935678846392,4009.700581408316,8777.097997483146,2234.5877990327044,0.6472260623662882,0.008383988304718927,100.0,0.2368182749153182,29.10182749153182,1.0,1.0,1.0,1.0,1.0,0.999999989,100.0,100.0,100.0,0.0,0.0,0.0,0.0,0.0,0.0,53.31634871859166,9.47066720659194,11.224494467071928
2003-08-25,1.8374951563199007,5.509131786471039,18334.648435009272,5547.849856117811,4009.700581408316,8777.097997483146,2234.5877990327044,0.6638000227758207,0.008046215998224698,100.0,0.2302621744086081,28.446217440860813,1.0,1.0,1.0,1.0,1.0,0.999999989,100.0,100.0,100.0,0.0,0.0,0.0,0.0,0.0,0.0,56.15461607857901,9.974833119221273,11.82202443759558
2003-08-26,1.874689630283769,5.482014565775576,18500.142488063502,5713.343909172039,4009.700581408316,8777.097997483146,2234.5877990327044,0.5281715847639032,0.005918815235260556,100.0,0.22354371202086767,27.77437120208677,1.0,1.0,1.0,1.0,1.0,0.999999989,100.0,100.0,100.0,0.0,0.0,0.0,0.0,0.0,0.0,58.971886252020184,10.475269268450955,12.415133947793722
2003-08-27,1.9099632628692216,5.455188409245443,18670.974692886906,5884.176113995444,4009.700581408316,8777.097997483146,2234.5877990327044,0.5670116237262073,0.005901507363843586,100.0,0.21820280802087602,27.240280802087604,1.0,1.0,1.0,1.0,1.0,0.999999989,100.0,100.0,100.0,0.0,0.0,0.0,0.0,0.0,0.0,61.758980368759666,10.97034519708231,13.001890603949402
2003-08-28,1.9430998554795536,5.428841941937004,18842.191755376567,6055.393176485104,4009.700581408316,8777.097997483148,2234.5877990327044,0.6317747532959993,0.005436104394759073,100.0,0.21247367670997552,26.66736767099755,1.0,1.0,1.0,1.0,1.0,0.999999989,100.0,100.0,100.0,0.0,0.0,0.0,0.0,0.0,0.0,64.52703002515678,11.46203822815285,13.584637900033004
2003-08-29,1.9764692773478754,5.403011393170059,19006.39151721265,6219.592938321187,4009.700581408316,8777.097997483148,2234.5877990327044,0.6434078553104514,0.005597499602419202,100.0,0.20610156813306793,26.030156813306796,1.0,1.0,1.0,1.0,1.0,0.999999989,100.0,100.0,100.0,0.0,0.0,0.0,0.0,0.0,0.0,67.27852465089846,11.950790562988542,14.163899926504936
2003-08-30,2.0,5.377675007499311,19169.99301851833,6383.1944396268655,4009.700581408316,8777.097997483148,2234.5877990327044,0.3800059892578176,0.003311013189092748,100.0,0.19961151458393925,25.381151458393923,1.0,1.0,1.0,1.0,1.0,0.999999989,100.0,100.0,100.0,0.0,0.0,0.0,0.0,0.0,0.0,70.00445345205682,12.435001600036408,14.737779674117222
2003-08-31,2.0,5.3529473771306755,19309.585938371427,6522.787359479963,4009.700581408316,8777.097997483148,2234.5877990327044,0.2660962184707313,0.002238182249382188,100.0,0.19577834455947013,24.997834455947014,1.0,1.0,1.0,1.0,1.0,0.999999989,100.0,100.0,100.0,0.0,0.0,0.0,0.0,0.0,0.0,72.70646365508398,12.91496393873202,15.306623927386097
2003-09-01,2.0,5.329117346129701,19402.940594171316,6616.142015279853,4009.700581408316,8777.097997483146,2234.5877990327044,0.41224946789797295,0.025744385741932434,100.0,0.217995000552269,27.219500055226902,1.0,1.0,1.0,1.0,1.0,0.999999989,100.0,100.0,100.0,0.0,0.0,0.0,0.0,0.0,0.0,75.35045407598513,13.384620131918409,15.863253489681075
2003-09-02,2.0,5.306144765063686,19560.72803635426,6773.929457462798,4009.700581408316,8777.097997483148,2234.5877990327044,0.4603411833724289,0.012042138046787375,100.0,0.21361506201586994,26.781506201586993,1.0,1.0,1.0,1.0,1.0,0.999999989,100.0,100.0,100.0,0.0,0.0,0.0,0.0,0.0,0.0,77.87194453161199,13.832516462852128,16.39409358560252
2003-09-03,2.0,5.283991750117565,19715.096293904568,6928.2977150131055,4009.700581408316,8777.097997483148,2234.5877990327044,0.47283789241346985,0.009741062767999563,100.0,0.2088912288016778,26.309122880167777,1.0,1.0,1.0,1.0,1.0,0.999999989,100.0,100.0,100.0,0.0,0.0,0.0,0.0,0.0,0.0,80.38112285379424,14.278225770081871,16.92234165343036
2003-09-04,2.0,5.2626225252404115,19872.11058636183,7085.312007470364,4009.700581408316,8777.097997483148,2234.5877990327044,0.3979246650517445,0.006901209483714028,100.0,0.2040654392498631,25.82654392498631,1.0,1.0,1.0,1.0,1.0,0.999999989,100.0,100.0,100.0,0.0,0.0,0.0,0.0,0.0,0.0,82.87402309523473,14.721043576127222,17.44716275689152
2003-09-05,2.0,5.242003277373821,20026.05855081542,7239.259971923955,4009.700581408316,8777.09799748315,2234.5877990327044,0.5344232737772888,0.03509683188719672,100.0,0.2244011805045085,27.86011805045085,1.0,1.0,1.0,1.0,1.0,0.999999989,100.0,100.0,100.0,0.0,0.0,0.0980756342080884,0.0980756342080884,0.0,0.0,85.35629503706622,15.161973460531499,17.969746323592883
2003-09-06,2.0,5.222102023511582,20177.212152266908,7390.413573375444,4009.700581408316,8777.097997483148,2234.5877990327044,0.5299134713411546,0.014665633950639877,100.0,0.21870597944786366,27.290597944786363,1.0,1.0,1.0,1.0,1.0,0.999999989,100.0,100.0,100.0,0.0,0.0,0.11723237095383965,0.11723237095383965,0.0,0.0,87.82434069068401,15.600376306897816,18.48933488224926
2003-09-07,2.0,5.202731876421256,20323.541452608908,7536.742873717443,4009.700581408316,8777.097997483148,2234.5877990327044,0.4930814052185149,0.010736680304154684,100.0,0.2132601883949457,26.746018839494567,1.0,1.0,1.0,1.0,1.0,0.999999989,100.0,100.0,100.0,0.0,0.0,0.1186168099361673,0.1186168099361673,0.0,0.0,90.27533525314628,16.035750341019405,19.005333737504476
2003-09-08,2.0,5.183920822342289,20470.93920341447,7684.140624523006,4009.700581408316,8777.097997483148,2234.5877990327044,0.4969675050418204,0.0091186048781218,100.0,0.20822200753971898,26.2422007539719,1.0,1.0,1.0,1.0,1.0,0.999999989,100.0,100.0,100.0,0.0,0.0,0.119857423730938,0.119857423730938,0.0,0.0,92.70365089588216,16.467095882821173,19.51655808334361
2003-09-09,2.0,5.1657582937142825,20618.60801580822,7831.809436916757,4009.700581408316,8777.097997483148,2234.587799032704,0.4534534171841765,0.006273171108661807,100.0,0.20316114644051958,25.73611464405196,1.0,1.0,1.0,1.0,1.0,0.999999989,100.0,100.0,100.0,0.0,0.0,0.12130515719078083,0.12130515719078083,0.0,0.0,95.11317955556892,16.895104263160267,20.02382727485661
2003-09-10,2.0,5.148217540623808,20718.578440464473,7931.77986157301,4009.700581408316,8777.097997483148,2234.587799032704,0.6002439854053844,0.03544896695252012,100.0,0.2183758805575912,27.257588055759122,1.0,1.0,1.0,1.0,1.0,0.999999989,100.0,100.0,100.0,0.0,0.0,0.12286006132437066,0.12286006132437066,0.0,0.0,97.5062119441255,17.320182384811766,20.527623567184314
2003-09-11,2.0,5.131273181772002,20792.094302585458,8005.295723693991,4009.700581408316,8777.09799748315,2234.587799032704,0.2411047375804391,0.012949166361102236,100.0,0.23284695103401215,28.704695103401214,1.0,1.0,1.0,1.0,1.0,0.999999989,100.0,100.0,100.0,0.0,0.0,0.11984629161327298,0.11984629161327298,0.0,0.0,99.81189613930393,17.7297447089553,21.013030766169244
2003-09-12,2.0,5.114901118240213,20836.97965408764,8050.181075196174,4009.700581408316,8777.09799748315,2234.587799032704,0.39449606101738177,0.02771688868016739,100.0,0.24503841199459675,29.923841199459673,1.0,1.0,1.0,1.0,1.0,0.999999989,100.0,100.0,100.0,0.0,0.0,0.11466964452665707,0.11466964452665707,0.0,0.0,101.9987560253884,18.11820008345715,21.473422321134397
2003-09-13,2.0,5.099078453734298,20982.799540057833,8196.000961166366,4009.700581408316,8777.09799748315,2234.587799032704,0.34503313228546584,0.009271696067909991,100.0,0.24081628249762127,29.501628249762128,1.0,1.0,1.0,1.0,1.0,0.999999989,100.0,100.0,100.0,0.0,0.0,0.10719915456335016,0.10719915456335016,0.0,0.0,104.03515565714775,18.479928965414402,21.902138033083734
2003-09-14,2.0,5.08378342074504,21130.8512680516,8344.052689160133,4009.700581408316,8777.09799748315,2234.587799032704,0.34373157045933933,0.007518763240757921,100.0,0.23727323421408753,29.14732342140875,1.0,1.0,1.0,1.0,1.0,0.999999989,100.0,100.0,100.0,0.0,0.0,0.11057155554332887,0.11057155554332887,0.0,0.0,106.08956155240585,18.84485632838788,22.3346445373486
2003-09-15,2.0,5.068995312117379,21268.64322456699,8481.844645675523,4009.700581408316,8777.09799748315,2234.5877990327044,0.4562338710181994,0.008389446799627545,100.0,0.23376073087708654,28.796073087708656,1.0,1.0,1.0,1.0,1.0,0.999999989,100.0,100.0,100.0,0.0,0.0,0.11396117332786027,0.11396117332786027,0.0,0.0,108.16356548468868,19.21326492162233,22.77127694414498
2003-09-16,2.0,5.054694417570283,21410.689314939642,8623.890736048175,4009.700581408316,8777.09799748315,2234.5877990327044,0.5784381262392159,0.009882504210663867,100.0,0.22911449769890826,28.331449769890824,1.0,1.0,1.0,1.0,1.0,0.999999989,100.0,100.0,100.0,0.0,0.0,0.11621124991337162,0.11621124991337162,0.0,0.0,110.2396127976466,19.58203648379249,23.20833953634665
2003-09-17,2.0,5.040861964753013,21546.96056125092,8760.161982359454,4009.700581408316,8777.09799748315,2234.5877990327044,0.8619399204416929,0.012524015969019512,100.0,0.22323129139440948,27.743129139440946,1.0,1.0,1.0,1.0,1.0,0.999999989,100.0,100.0,100.0,0.0,0.0,0.11890909261425087,0.11890909261425087,0.0,0.0,112.32396543667517,19.952283334146248,23.6471506182474
2003-09-18,2.0,5.027480064462725,21675.846378254224,8889.047799362756,4009.700581408316,8777.09799748315,2234.5877990327044,0.3317246129353998,0.004781010098122825,100.0,0.21448665203030234,26.868665203030233,1.0,1.0,1.0,1.0,1.0,0.999999989,100.0,100.0,100.0,0.0,0.0,0.120966630596401,0.120966630596401,0.0,0.0,114.40701510619402,20.322298735968676,24.085687390777686
2003-09-19,2.0,5.014531659683384,21776.82083646165,8990.022257570185,4009.700581408316,8777.09799748315,2234.5877990327044,0.27978062442286955,0.020936723234367734,100.0,0.21366159579996713,26.786159579996713,1.0,1.0,1.0,1.0,1.0,0.999999989,100.0,100.0,100.0,0.0,0.0,0.12226825809151265,0.12226825809151265,0.0,0.0,116.477666250606,20.690111768199753,24.521613947496
2003-09-20,2.0,5.00200047813745,21903.075759795258,9116.277180903791,4009.700581408316,8777.09799748315,2234.5877990327044,0.33943868531538096,0.00448057257051946,100.0,0.21065442232339474,26.485442232339473,1.0,1.0,1.0,1.0,1.0,0.999999989,100.0,100.0,100.0,0.0,0.0,0.1206764487694123,0.1206764487694123,0.0,0.0,118.49473345705209,21.048406600923727,24.94625967516886
2003-09-21,2.0,4.989870988069937,22040.63060879895,9253.832029907482,4009.700581408316,8777.09799748315,2234.5877990327044,0.27267025085025703,0.0028832292372131616,100.0,0.20721522974453574,26.141522974453572,1.0,1.0,1.0,1.0,1.0,0.999999989,100.0,100.0,100.0,0.0,0.0,0.1221049158158305,0.1221049158158305,0.0,0.0,120.50200142632065,21.404960779675378,25.368842405541187
2003-09-22,2.0,4.978128357009782,22177.358893063363,9390.560314171895,4009.700581408316,8777.09799748315,2234.5877990327044,0.29706780265330557,0.021717456159627096,100.0,0.22096969494366103,27.5169694943661,1.0,1.0,1.0,1.0,1.0,0.999999989,100.0,100.0,100.0,0.0,0.0,0.124782771252411,0.124782771252411,0.0,0.0,122.51762596914796,21.76299934978286,25.793184414557462
2003-09-23,2.0,4.966758413276253,22302.99068729052,9516.192108399051,4009.700581408316,8777.09799748315,2234.5877990327044,0.43536799235040774,0.012575008615920738,100.0,0.2177818423555317,27.19818423555317,1.0,1.0,1.0,1.0,1.0,0.999999989,100.0,100.0,100.0,0.0,0.0,0.12732516691460383,0.12732516691460383,0.0,0.0,124.53951504977444,22.122150699630986,26.218845273636724
2003-09-24,2.0,4.955671889417354,22416.20984241381,9629.411263522343,4009.7005814083163,8777.09799748315,2234.5877990327044,0.3347746472231426,0.008226987356522528,100.0,0.2133024123458684,26.750241234586838,1.0,1.0,1.0,1.0,1.0,0.999999989,100.0,100.0,100.0,0.0,0.0,0.1286204882097337,0.1286204882097337,0.0,0.0,126.55017554956355,22.479307498935633,26.64214222096075
2003-09-25,2.0,4.944858909124027,22440.413108089146,9653.61452919768,4009.7005814083163,8777.09799748315,2234.5877990327044,0.2732371778724958,0.005223372284009813,100.0,0.20987239600007176,26.407239600007173,1.0,1.0,1.0,1.0,1.0,0.999999989,100.0,100.0,100.0,0.0,0.0,0.1286128382206222,0.1286128382206222,0.0,0.0,128.53186311516114,22.8313177901931,27.059339603191823
2003-09-26,2.0,4.934388767144089,22452.617255227015,9665.81867633555,4009.7005814083163,8777.097997483148,2234.5877990327044,0.35727769963127165,0.006584077089331405,100.0,0.2070877904985067,26.12877904985067,1.0,1.0,1.0,1.0,1.0,0.999999989,100.0,100.0,100.0,0.0,0.0,0.11869963785053095,0.11869963785053095,0.0,0.0,130.3521708880255,23.154661934057163,27.4425622922159
2003-09-27,2.0,4.924249136136439,22505.13974475488,9718.341165863414,4009.700581408316,8777.09799748315,2234.5877990327044,0.23672365161325362,0.003743239672644062,100.0,0.20344917273130064,25.764917273130067,1.0,1.0,1.0,1.0,1.0,0.999999989,100.0,100.0,100.0,0.0,0.0,0.10835948763852166,0.10835948763852166,0.0,0.0,132.00899818725298,23.448966783262044,27.791368039421688
2003-09-28,2.0,4.704430459631502,22539.834030428952,9753.035451537487,4009.7005814083163,8777.09799748315,2234.5877990327044,0.1775649092937336,0.002954377817829097,100.0,0.20104450381844166,25.52445038184417,1.0,1.0,1.0,1.0,1.0,0.999999989,100.0,100.0,100.0,0.0,0.0,0.0,0.0,0.0,0.0,133.57997694064008,23.728022219718962,28.122100408555813
2003-09-29,2.0,4.701146132727757,22539.834030428952,9753.035451537487,4009.700581408316,8777.097997483148,2234.5877990327044,0.06477579027306378,0.0009378704819402083,100.0,0.19923931094732605,25.343931094732604,1.0,1.0,1.0,1.0,1.0,0.999999989,100.0,100.0,100.0,0.0,0.0,0.0,0.0,0.0,0.0,135.04659313291305,23.988539569662187,28.43086171219223
2003-09-30,2.0,4.697956494837632,22539.834030428952,9753.035451537487,4009.7005814083163,8777.097997483148,2234.5877990327044,0.15497769307373221,0.002120637914864013,100.0,0.198582174339776,25.278217433977602,1.0,1.0,1.0,1.0,1.0,0.999999989,100.0,100.0,100.0,0.0,0.0,0.0,0.0,0.0,0.0,136.36654770595874,24.22300518461109,28.708746885465004
2003-10-01,2.0,4.694858680984639,22539.834030428952,9753.035451537487,4009.700581408316,8777.097997483148,2234.5877990327044,0.18422374970128433,0.0024183102691358854,100.0,0.19701119102989004,25.121119102989006,1.0,1.0,1.0,1.0,1.0,0.999999989,100.0,100.0,100.0,0.0,0.0,0.052980578255925614,0.052980578255925614,0.0,0.0,137.55450682169985,24.434024238065103,28.9588435414105
2003-10-02,2.0,4.691849920344643,22539.834030428952,9753.035451537487,4009.7005814083163,8777.097997483148,2234.5877990327044,0.22411542683446037,0.0026253194914126737,100.0,0.19514477043018583,24.934477043018582,1.0,1.0,1.0,1.0,1.0,0.999999989,100.0,100.0,100.0,0.0,0.0,0.07720995178363932,0.07720995178363932,0.0,0.0,138.62367002586683,24.623941386173716,29.183930531761444
2003-10-03,2.0,4.688927532742726,22539.834030428952,9753.035451537487,4009.700581408316,8777.097997483148,2234.5877990327044,0.33435940727608937,0.004145728120930447,100.0,0.1928773629669271,24.70773629669271,1.0,1.0,1.0,1.0,1.0,0.999999989,100.0,100.0,100.0,0.0,0.0,0.069475574017825,0.069475574017825,0.0,0.0,139.58591690961714,24.794866819471466,29.386508823077296
2003-10-04,2.0,4.686088925302281,22539.834030428952,9753.035451537487,4009.7005814083163,8777.097997483146,2234.5877990327044,0.3447320516002715,0.003694660027853682,100.0,0.18949231161295688,24.369231161295687,1.0,1.0,1.0,1.0,1.0,0.999999989,100.0,100.0,100.0,0.0,0.0,0.0626281440389409,0.0626281440389409,0.0,0.0,140.45193910499242,24.948699709439442,29.568829285261565
2003-10-05,2.0,4.683331589238587,22539.834030428952,9753.035451537487,4009.7005814083163,8777.097997483146,2234.5877990327044,0.3689936694432169,0.003914283781104228,100.0,0.18600804449667563,24.020804449667565,1.0,1.0,1.0,1.0,1.0,0.999999989,100.0,100.0,100.0,0.0,0.0,0.056392578004369476,0.056392578004369476,0.0,0.0,141.23135908083015,25.08714931041062,29.732917701227404
2003-10-06,2.0,4.680653096789554,22539.834030428952,9753.035451537487,4009.7005814083163,8777.097997483146,2234.5877990327044,0.37465451954773815,0.003972715293816134,100.0,0.18227896496443244,23.647896496443245,1.0,1.0,1.0,1.0,1.0,0.999999989,100.0,100.0,100.0,0.0,0.0,0.05072352646614675,0.05072352646614675,0.0,0.0,141.9328370590841,25.21175395128468,29.88059727559666
2003-10-07,2.0,4.434830648460273,22539.834030428952,9753.035451537487,4009.7005814083163,8777.097997483146,2234.5877990327044,0.3727358516282984,0.004957835295520955,100.0,0.17849269261601688,23.269269261601686,0.9358029377227213,1.0,1.0,1.0,1.0,0.999999989,100.0,100.0,100.0,0.0,0.0,0.0,0.0,0.0,0.0,142.56416723951267,25.323898128071335,30.01350889252899
2003-10-08,2.0,4.42698129641257,22540.289094223655,9753.49051533219,4009.7005814083163,8777.097997483146,2234.5877990327044,0.3472840906323456,0.005082553483442025,100.0,0.17471575574677867,22.891575574677866,0.7456242442699516,1.0,1.0,1.0,1.0,0.999999989,100.0,100.0,100.0,0.0,0.0,0.0,0.0,0.0,0.0,143.13236440189837,25.424827887179323,30.133129347768087
2003-10-09,2.0,4.183004803417048,22606.76088625971,9819.962307368249,4009.700581408317,8777.097997483146,2234.5877990327044,0.3066966731664759,0.004656740120892936,100.0,0.1711920893056208,22.539208930562083,0.7866117503498388,1.0,1.0,1.0,1.0,0.999999989,100.0,100.0,100.0,0.0,0.0,0.0,0.0,0.0,0.0,143.64443354501347,25.51578753760108,30.24093337789758
2003-10-10,2.0,4.158144081111577,22689.39352280333,9902.594943911869,4009.7005814083163,8777.097997483146,2234.5877990327044,0.28013401221523054,0.004288024809293533,100.0,0.16807855517274714,22.227855517274712,0.7553770766541485,1.0,1.0,1.0,1.0,0.999999989,100.0,100.0,100.0,0.0,0.0,0.0,0.0,0.0,0.0,144.20633289771186,25.6155986068304,30.35922797846566
2003-10-11,2.0,3.936974596307511,22767.418314467977,9980.619735576514,4009.700581408317,8777.097997483146,2234.5877990327044,0.24555071626488592,0.003205075184743218,100.0,0.1652343348025019,21.943433480250192,1.0,1.0,1.0,1.0,1.0,0.999999989,100.0,100.0,100.0,0.0,0.0,0.0,0.0,0.0,0.0,144.8376439226867,25.727739381003566,30.492135562670892
2003-10-12,2.0,3.7150757965490304,22868.691545442372,10081.892966550908,4009.7005814083163,8777.097997483148,2234.5877990327044,0.23837492815026703,0.033680620925885835,100.0,0.1744307768880056,22.86307768880056,1.0,1.0,1.0,1.0,1.0,0.999999989,100.0,100.0,100.0,0.0,0.0,0.0,0.0,0.0,0.0,145.52442152849434,25.84973277150887,30.63672032178829
2003-10-13,2.0,3.7150757965490304,22968.481290546602,10181.682711655138,4009.7005814083163,8777.097997483148,2234.5877990327044,0.07758733458789768,0.0037488889900155176,100.0,0.17171022139724407,22.59102213972441,1.0,1.0,1.0,1.0,1.0,0.999999989,100.0,100.0,100.0,0.0,0.0,0.0,0.0,0.0,0.0,146.29645668480228,25.986870595326728,30.79925403890575
2003-10-14,2.0,3.7150757965490304,22996.885917752104,10210.08733886064,4009.7005814083163,8777.097997483148,2234.5877990327044,0.21497993911292612,0.028841389074517037,100.0,0.19376085916146493,24.796085916146495,1.0,1.0,1.0,1.0,1.0,0.999999989,100.0,100.0,100.0,0.0,0.0,0.0,0.0,0.0,0.0,147.14296873803787,26.137237867940943,30.97746710274482
2003-10-15,2.0,3.7150757965490304,23088.232176042427,10301.433597150963,4009.7005814083163,8777.097997483148,2234.5877990327044,0.10624659661571696,0.005447865004055224,100.0,0.1913226458795905,24.55226458795905,1.0,1.0,1.0,1.0,1.0,0.999999989,100.0,100.0,100.0,0.0,0.0,0.0,0.0,0.0,0.0,147.94800461930225,26.280237662639223,31.146948340905745
2003-10-16,2.0,3.7150757965490304,23112.69669481118,10325.898115919714,4009.7005814083163,8777.097997483148,2234.5877990327044,0.03883500391927082,0.0018949795703021692,100.0,0.19020570126339276,24.440570126339274,1.0,1.0,1.0,1.0,1.0,0.999999989,100.0,100.0,100.0,0.0,0.0,0.0,0.0,0.0,0.0,148.81138322504148,26.43360096760606,31.32871225790348
2003-10-17,,,,,,,,,0.09748855411036067,,0.19208440142849703,24.628440142849705,,,,,,,100.0,100.0,100.0,,,,,,,,,
2003-10-18,,,,,,,,,0.05498769791206894,,0.18233554601746096,24.53095158873934,,,,,,,100.0,100.0,100.0,,,,,,,,,
2003-10-19,,,,,,,,,0.05888579603164739,,0.17683677622625407,24.475963890827273,,,,,,,100.0,100.0,100.0,,,,,,,,,
2003-10-20,,,,,,,,,0.06494975159576039,,0.17094819662308933,24.417078094795624,,,,,,,100.0,100.0,100.0,,,,,,,,,
2003-10-21,,,,,,,,,0.05557180728511357,,0.1644532214635133,24.352128343199865,,,,,,,100.0,100.0,100.0,,,,,,,,,
2003-10-22,,,,,,,,,0.04134714367593671,,0.1588960407350019,24.29655653591475,,,,,,,100.0,100.0,100.0,,,,,,,,,
2003-10-23,,,,,,,,,0.02780455955158735,,0.15476132636740825,24.255209392238815,,,,,,,100.0,100.0,100.0,,,,,,,,,
2003-10-24,,,,,,,,,0.02171638270630515,,0.1519808704122495,24.227404832687228,,,,,,,100.0,100.0,100.0,,,,,,,,,
2003-10-25,,,,,,,,,0.010717688708535466,,0.14980923214161898,24.205688449980922,,,,,,,100.0,100.0,100.0,,,,,,,,,
2003-10-26,,,,,,,,,0.0060591487230100315,,0.14873746327076545,24.194970761272387,,,,,,,100.0,100.0,100.0,,,,,,,,,
2003-10-27,,,,,,,,,0.030978847823389062,,0.15067154839846444,24.214311612549377,,,,,,,100.0,100.0,100.0,,,,,,,,,
2003-10-28,,,,,,,,,0.03512600148944648,,0.15011366361612552,24.208732764725987,,,,,,,100.0,100.0,100.0,,,,,,,,,
2003-10-29,,,,,,,,,0.007358262949378176,,0.14660106346718088,24.17360676323654,,,,,,,100.0,100.0,100.0,,,,,,,,,
2003-10-30,,,,,,,,,0.005226923140968848,,0.14586523717224303,24.16624850028716,,,,,,,100.0,100.0,100.0,,,,,,,,,
2003-10-31,,,,,,,,,0.0038869891020956813,,0.14534254485814616,24.161021577146194,,,,,,,100.0,100.0,100.0,,,,,,,,,
2003-11-01,,,,,,,,,0.0005924490756326788,,0.1449538459479366,24.157134588044098,,,,,,,100.0,100.0,100.0,,,,,,,,,
2003-11-02,,,,,,,,,0.0034687427000749914,,0.14489460104037333,24.156542138968465,,,,,,,100.0,100.0,100.0,,,,,,,,,
2003-11-03,,,,,,,,,0.0012524307770653098,,0.2182077267703658,24.88967339626839,,,,,,,100.0,100.0,100.0,,,,,,,,,
2003-11-04,,,,,,,,,0.02630617303202031,,0.46708248369265926,27.378420965491323,,,,,,,100.0,100.0,100.0,,,,,,,,,
2003-11-05,,,,,,,,,0.021648586521912323,,0.41961186638945724,27.453714792459305,,,,,,,100.0,100.0,100.0,,,,,,,,,
2003-11-06,,,,,,,,,0.00432233356430475,,0.362447007737266,27.432066205937392,,,,,,,100.0,100.0,100.0,,,,,,,,,
2003-11-07,,,,,,,,,0.0031477701560788814,,0.30701477438083546,27.42774387237309,,,,,,,100.0,100.0,100.0,,,,,,,,,
2003-11-08,,,,,,,,,0.0027606472296361597,,0.271,27.42459610221701,,,,,,,100.0,100.0,100.0,,,,,,,,,
2003-11-09,,,,,,,,,0.002970543288595024,,0.2707239352770364,27.421835454987374,,,,,,,100.0,100.0,100.0,,,,,,,,,
2003-11-10,,,,,,,,,0.004648822390248036,,0.2704268809481769,27.418864911698776,,,,,,,100.0,100.0,100.0,,,,,,,,,
2003-11-11,,,,,,,,,0.005212957950631664,,0.2699619987091521,27.41421608930853,,,,,,,100.0,100.0,100.0,,,,,,,,,
2003-11-12,,,,,,,,,0.002548111448074568,,0.26944070291408895,27.4090031313579,,,,,,,100.0,100.0,100.0,,,,,,,,,
2003-11-13,,,,,,,,,0.0016895802123241786,,0.2691858917692815,27.406455019909824,,,,,,,100.0,100.0,100.0,,,,,,,,,
2003-11-14,,,,,,,,,0.0027014845625105903,,0.2690169337480491,27.4047654396975,,,,,,,100.0,100.0,100.0,,,,,,,,,
2003-11-15,,,,,,,,,0.012700192700985958,,0.271286785291798,27.42746395513499,,,,,,,100.0,100.0,100.0,,,,,,,,,
2003-11-16,,,,,,,,,5.489353437859387e-05,,0.2700167660216994,27.414763762434003,,,,,,,100.0,100.0,100.0,,,,,,,,,
2003-11-17,,,,,,,,,0.006218723485076834,,0.2700112766682615,27.414708868899623,,,,,,,100.0,100.0,100.0,,,,,,,,,
2003-11-18,,,,,,,,,0.008487445190939557,,0.37098940431975386,28.42449014541455,,,,,,,100.0,100.0,100.0,,,,,,,,,
2003-11-19,,,,,,,,,0.008082566163976524,,0.3176806598006599,28.44140270022361,,,,,,,100.0,100.0,100.0,,,,,,,,,
2003-11-20,,,,,,,,,0.0028935036377820476,,0.271,28.43332013405963,,,,,,,100.0,100.0,100.0,,,,,,,,,
2003-11-21,,,,,,,,,0.0,,0.2707106496362218,28.43042663042185,,,,,,,100.0,100.0,100.0,,,,,,,,,
2003-11-22,,,,,,,,,0.0002358419493904851,,0.2707106496362218,28.43042663042185,,,,,,,100.0,100.0,100.0,,,,,,,,,
2003-11-23,,,,,,,,,0.000422744629680966,,0.27068706544128274,28.43019078847246,,,,,,,100.0,100.0,100.0,,,,,,,,,
2003-11-24,,,,,,,,,0.0,,0.2706447909783146,28.429768043842778,,,,,,,100.0,100.0,100.0,,,,,,,,,
2003-11-25,,,,,,,,,0.0,,0.2706447909783146,28.429768043842778,,,,,,,100.0,100.0,100.0,,,,,,,,,
2003-11-26,,,,,,,,,0.0,,0.2706447909783146,28.429768043842778,,,,,,,100.0,100.0,100.0,,,,,,,,,
2003-11-27,,,,,,,,,0.0,,0.2706447909783146,28.429768043842778,,,,,,,100.0,100.0,100.0,,,,,,,,,
2003-11-28,,,,,,,,,0.0,,0.2706447909783146,28.429768043842778,,,,,,,100.0,100.0,100.0,,,,,,,,,
2003-11-29,,,,,,,,,0.0,,0.2706447909783146,28.429768043842778,,,,,,,100.0,100.0,100.0,,,,,,,,,
2003-11-30,,,,,,,,,0.0,,0.2706447909783146,28.429768043842778,,,,,,,100.0,100.0,100.0,,,,,,,,,
2003-12-01,,,,,,,,,0.0013682086721487896,,0.2706447909783146,28.429768043842778,,,,,,,100.0,100.0,100.0,,,,,,,,,
2003-12-02,,,,,,,,,0.0003622178420530365,,0.2705079701110998,28.428399835170627,,,,,,,100.0,100.0,100.0,,,,,,,,,
2003-12-03,,,,,,,,,0.008074376052305226,,0.31365174832689446,28.859837617328573,,,,,,,100.0,100.0,100.0,,,,,,,,,
2003-12-04,,,,,,,,,0.011924430026183628,,0.28115999999999997,28.953363241276268,,,,,,,100.0,100.0,100.0,,,,,,,,,
2003-12-05,,,,,,,,,0.011740186168334294,,0.28115999999999997,29.043038811250085,,,,,,,100.0,100.0,100.0,,,,,,,,,
2003-12-06,,,,,,,,,0.0007460961437487771,,0.271,29.031298625081753,,,,,,,100.0,100.0,100.0,,,,,,,,,
2003-12-07,,,,,,,,,0.0,,0.27092539038562513,29.030552528938003,,,,,,,100.0,100.0,100.0,,,,,,,,,
2003-12-08,,,,,,,,,0.0,,0.27092539038562513,29.030552528938003,,,,,,,100.0,100.0,100.0,,,,,,,,,
2003-12-09,,,,,,,,,9.218512531674121e-05,,0.27092539038562513,29.030552528938003,,,,,,,100.0,100.0,100.0,,,,,,,,,
2003-12-10,,,,,,,,,0.0,,0.27599617187309344,29.081260343812687,,,,,,,100.0,100.0,100.0,,,,,,,,,
2003-12-11,,,,,,,,,0.0,,0.271,29.081260343812687,,,,,,,100.0,100.0,100.0,,,,,,,,,
2003-12-12,,,,,,,,,0.0,,0.271,29.081260343812687,,,,,,,100.0,100.0,100.0,,,,,,,,,
2003-12-13,,,,,,,,,0.0,,0.271,29.081260343812687,,,,,,,100.0,100.0,100.0,,,,,,,,,
2003-12-14,,,,,,,,,0.0,,0.271,29.081260343812687,,,,,,,100.0,100.0,100.0,,,,,,,,,
2003-12-15,,,,,,,,,0.0011352894132653235,,0.271,29.081260343812687,,,,,,,100.0,100.0,100.0,,,,,,,,,
2003-12-16,,,,,,,,,0.0,,0.27342647105867346,29.105525054399422,,,,,,,100.0,100.0,100.0,,,,,,,,,
2003-12-17,,,,,,,,,0.00032272207869161253,,0.271,29.105525054399422,,,,,,,100.0,100.0,100.0,,,,,,,,,
2003-12-18,,,,,,,,,0.0,,0.2760477277921308,29.15600233232073,,,,,,,100.0,100.0,100.0,,,,,,,,,
2003-12-19,,,,,,,,,0.0,,0.271,29.156002332320732,,,,,,,100.0,100.0,100.0,,,,,,,,,
2003-12-20,,,,,,,,,0.0,,0.271,29.156002332320732,,,,,,,100.0,100.0,100.0,,,,,,,,,
2003-12-21,,,,,,,,,0.0,,0.271,29.156002332320732,,,,,,,100.0,100.0,100.0,,,,,,,,,
2003-12-22,,,,,,,,,0.0,,0.271,29.156002332320732,,,,,,,100.0,100.0,100.0,,,,,,,,,
2003-12-23,,,,,,,,,0.0,,0.271,29.156002332320732,,,,,,,100.0,100.0,100.0,,,,,,,,,
2003-12-24,,,,,,,,,0.0,,0.271,29.156002332320732,,,,,,,100.0,100.0,100.0,,,,,,,,,
2003-12-25,,,,,,,,,0.0,,0.271,29.156002332320732,,,,,,,100.0,100.0,100.0,,,,,,,,,
2003-12-26,,,,,,,,,0.001471371028976268,,0.271,29.156002332320732,,,,,,,100.0,100.0,100.0,,,,,,,,,
2003-12-27,,,,,,,,,0.0,,0.27085286289710236,29.154530961291755,,,,,,,100.0,100.0,100.0,,,,,,,,,
2003-12-28,,,,,,,,,0.0,,0.27339286289710235,29.179930961291753,,,,,,,100.0,100.0,100.0,,,,,,,,,
2003-12-29,,,,,,,,,0.0,,0.271,29.179930961291756,,,,,,,100.0,100.0,100.0,,,,,,,,,
2003-12-30,,,,,,,,,0.0,,0.271,29.179930961291756,,,,,,,100.0,100.0,100.0,,,,,,,,,
2003-12-31,,,,,,,,,0.0,,0.271,29.179930961291756,,,,,,,100.0,100.0,100.0,,,,,,,,,
